transaction_id,customer_id,merchant_id,amount,currency,payment_method,payment_gateway,card_type,transaction_timestamp,customer_payment_success_rate,customer_previous_transactions,customer_previous_failures,days_since_last_successful_payment,device_type,device_id,ip_risk_score,customer_location,merchant_category,merchant_risk_score,avs_result,cvv_result,authentication_result,bank_response_code,gateway_response_code,payment_status,failure_code,failure_reason,is_retryable,recovery_probability_target,recovered
tx_00000102,cust_000131,merch_0017,94.31,EUR,DEBIT_CARD,RAZORPAY,VISA,2026-06-16 01:56:31,0.7868,10,2,8.5,MOBILE_ANDROID,dev_366220,12.87,"Mumbai, IN",ECOMMERCE,19.17,MATCH,MATCH,SUCCESS,00_SUCCESS,GATEWAY_200_OK,SUCCESS,NONE,Transaction completed successfully.,False,,
tx_00000408,cust_000004,merch_0003,1412.52,INR,UPI,CASHFREE,NA,2026-07-17 20:20:09,0.9706,12,1,14.5,MOBILE_ANDROID,dev_667610,29.96,"Delhi, IN",ECOMMERCE,7.73,MATCH,NOT_CHECKED,ATTEMPTED,54_EXPIRED_CARD,GATEWAY_400_BAD_REQUEST,FAILED,EXPIRED_CARD,Card expiry date has passed.,False,0.1612,1.0
tx_00000030,cust_000051,merch_0034,328.79,USD,CREDIT_CARD,RAZORPAY,VISA,2026-08-15 17:08:36,0.6562,9,4,11.3,MOBILE_IOS,dev_462114,5.91,"Bengaluru, IN",ECOMMERCE,6.61,PARTIAL_MATCH,MATCH,ATTEMPTED,05_DO_NOT_HONOR,GATEWAY_400_DECLINED,FAILED,BANK_DECLINED,Issuing bank declined transaction without specific reason.,False,0.119,0.0
tx_00000503,cust_000230,merch_0045,2945.18,INR,CREDIT_CARD,ICICI_PG,VISA,2026-06-30 23:33:34,0.8924,11,2,42.0,MOBILE_ANDROID,dev_347368,5.75,"Chennai, IN",ECOMMERCE,12.35,MATCH,MATCH,SUCCESS,91_TIMEOUT,GATEWAY_504_TIMEOUT,FAILED,TEMPORARY_GATEWAY_FAILURE,Transient gateway downtime or rate limit.,True,0.7766,1.0
tx_00000896,cust_000254,merch_0025,333.11,INR,DEBIT_CARD,HDFC_PG,VISA,2026-08-04 04:05:46,0.8886,13,5,6.6,MOBILE_IOS,dev_984956,7.75,"Mumbai, IN",SAAS,5.2,MATCH,MATCH,SUCCESS,00_SUCCESS,GATEWAY_200_OK,SUCCESS,NONE,Transaction completed successfully.,False,,
tx_00000319,cust_000143,merch_0049,225.15,INR,UPI,RAZORPAY,NA,2026-06-26 20:22:17,0.7881,11,0,67.9,MOBILE_IOS,dev_842068,15.33,"Delhi, IN",ECOMMERCE,10.89,MATCH,NOT_CHECKED,SUCCESS,00_SUCCESS,GATEWAY_200_OK,SUCCESS,NONE,Transaction completed successfully.,False,,
tx_00000179,cust_000172,merch_0047,600.74,INR,CREDIT_CARD,RAZORPAY,VISA,2026-07-16 04:00:25,0.8072,10,1,18.6,MOBILE_ANDROID,dev_728126,25.51,"London, UK",EDTECH,29.15,MATCH,MATCH,SUCCESS,00_SUCCESS,GATEWAY_200_OK,SUCCESS,NONE,Transaction completed successfully.,False,,
tx_00000375,cust_000069,merch_0041,213.78,EUR,UPI,RAZORPAY,NA,2026-06-04 12:11:43,0.7559,18,2,7.8,MOBILE_IOS,dev_416695,11.81,"Mumbai, IN",ECOMMERCE,18.09,MATCH,NOT_CHECKED,SUCCESS,00_SUCCESS,GATEWAY_200_OK,SUCCESS,NONE,Transaction completed successfully.,False,,
tx_00000520,cust_000070,merch_0004,325.96,INR,UPI,RAZORPAY,NA,2026-06-25 17:29:18,0.8391,9,0,24.3,MOBILE_ANDROID,dev_628044,4.92,"New York, US",SAAS,4.19,MATCH,NOT_CHECKED,SUCCESS,00_SUCCESS,GATEWAY_200_OK,SUCCESS,NONE,Transaction completed successfully.,False,,
tx_00000465,cust_000217,merch_0025,750.88,EUR,NET_BANKING,RAZORPAY,NA,2026-08-06 04:21:47,0.53,5,3,18.1,MOBILE_ANDROID,dev_315754,5.35,"Hyderabad, IN",SAAS,23.77,MATCH,NOT_CHECKED,SUCCESS,00_SUCCESS,GATEWAY_200_OK,SUCCESS,NONE,Transaction completed successfully.,False,,
tx_00000623,cust_000085,merch_0015,1659.06,INR,CREDIT_CARD,RAZORPAY,MASTERCARD,2026-06-21 15:52:52,0.9479,6,0,7.9,DESKTOP_MAC,dev_776446,4.39,"Mumbai, IN",EDTECH,7.06,MATCH,MATCH,SUCCESS,00_SUCCESS,GATEWAY_200_OK,SUCCESS,NONE,Transaction completed successfully.,False,,
tx_00000902,cust_000118,merch_0043,99.45,INR,DEBIT_CARD,HDFC_PG,VISA,2026-07-09 07:26:41,0.7392,14,1,18.8,MOBILE_ANDROID,dev_326556,5.12,"Bengaluru, IN",EDTECH,6.67,MATCH,MATCH,SUCCESS,00_SUCCESS,GATEWAY_200_OK,SUCCESS,NONE,Transaction completed successfully.,False,,
tx_00000440,cust_000075,merch_0050,372.86,INR,UPI,RAZORPAY,NA,2026-08-21 08:50:01,0.8226,13,3,0.9,DESKTOP_WINDOWS,dev_917483,1.89,"Delhi, IN",FINANCIAL_SERVICES,19.02,MATCH,NOT_CHECKED,SUCCESS,00_SUCCESS,GATEWAY_200_OK,SUCCESS,NONE,Transaction completed successfully.,False,,
tx_00000292,cust_000018,merch_0015,192.39,USD,DEBIT_CARD,RAZORPAY,MASTERCARD,2026-06-20 15:32:00,0.8256,12,2,1.7,MOBILE_ANDROID,dev_274068,0.75,"Mumbai, IN",ECOMMERCE,13.37,MATCH,MATCH,SUCCESS,00_SUCCESS,GATEWAY_200_OK,SUCCESS,NONE,Transaction completed successfully.,False,,
tx_00000243,cust_000169,merch_0015,711.87,INR,UPI,RAZORPAY,NA,2026-08-02 07:01:32,0.9262,8,0,17.7,MOBILE_IOS,dev_364186,7.11,"Mumbai, IN",GAMING,3.06,MATCH,NOT_CHECKED,SUCCESS,00_SUCCESS,GATEWAY_200_OK,SUCCESS,NONE,Transaction completed successfully.,False,,
tx_00000950,cust_000257,merch_0014,949.43,INR,NET_BANKING,RAZORPAY,NA,2026-05-29 22:51:23,0.6258,14,6,29.9,MOBILE_ANDROID,dev_533951,2.23,"Bengaluru, IN",GAMING,40.37,MATCH,NOT_CHECKED,SUCCESS,00_SUCCESS,GATEWAY_200_OK,SUCCESS,NONE,Transaction completed successfully.,False,,
tx_00000044,cust_000264,merch_0047,578.1,INR,UPI,RAZORPAY,NA,2026-06-22 06:05:06,0.7868,11,3,0.4,MOBILE_IOS,dev_852746,3.5,"Chennai, IN",ECOMMERCE,10.01,MATCH,NOT_CHECKED,SUCCESS,96_SYSTEM_ERROR,GATEWAY_500_INTERNAL_ERROR,FAILED,NETWORK_ERROR,"Network timeout between merchant, gateway, and bank.",True,0.6973,1.0
tx_00000257,cust_000230,merch_0022,936.81,INR,CREDIT_CARD,ICICI_PG,VISA,2026-06-14 18:57:36,0.8759,16,4,4.6,MOBILE_IOS,dev_923597,25.18,"Bengaluru, IN",ECOMMERCE,4.19,MATCH,MATCH,SUCCESS,00_SUCCESS,GATEWAY_200_OK,SUCCESS,NONE,Transaction completed successfully.,False,,
tx_00000722,cust_000008,merch_0016,79.27,INR,CREDIT_CARD,HDFC_PG,VISA,2026-08-16 22:58:58,0.7904,7,2,24.9,MOBILE_ANDROID,dev_436318,17.91,"Bengaluru, IN",ECOMMERCE,11.63,MATCH,MATCH,SUCCESS,00_SUCCESS,GATEWAY_200_OK,SUCCESS,NONE,Transaction completed successfully.,False,,
tx_00000491,cust_000122,merch_0002,21376.42,INR,UPI,CASHFREE,NA,2026-06-30 22:34:19,0.8978,6,0,44.1,MOBILE_IOS,dev_816683,6.29,"Bengaluru, IN",UTILITIES,11.81,MATCH,NOT_CHECKED,SUCCESS,00_SUCCESS,GATEWAY_200_OK,SUCCESS,NONE,Transaction completed successfully.,False,,
tx_00000471,cust_000076,merch_0005,2456.12,INR,UPI,HDFC_PG,NA,2026-07-10 16:22:16,0.815,13,2,17.7,MOBILE_ANDROID,dev_722986,10.9,"London, UK",SAAS,4.39,PARTIAL_MATCH,NOT_CHECKED,SUCCESS,00_SUCCESS,GATEWAY_200_OK,SUCCESS,NONE,Transaction completed successfully.,False,,
tx_00000592,cust_000010,merch_0038,194.71,INR,DEBIT_CARD,RAZORPAY,VISA,2026-07-04 12:28:53,0.8371,10,1,6.4,DESKTOP_MAC,dev_411466,14.49,"Chennai, IN",ECOMMERCE,35.7,MATCH,MATCH,SUCCESS,00_SUCCESS,GATEWAY_200_OK,SUCCESS,NONE,Transaction completed successfully.,False,,
tx_00000377,cust_000247,merch_0003,709.0,INR,CREDIT_CARD,RAZORPAY,MASTERCARD,2026-07-30 19:16:07,0.8122,15,0,8.7,MOBILE_IOS,dev_177952,1.3,"Delhi, IN",SAAS,12.53,MATCH,MATCH,SUCCESS,00_SUCCESS,GATEWAY_200_OK,SUCCESS,NONE,Transaction completed successfully.,False,,
tx_00000256,cust_000038,merch_0021,7355.62,INR,DEBIT_CARD,RAZORPAY,VISA,2026-08-13 22:15:07,0.9103,19,3,3.9,MOBILE_IOS,dev_675606,7.95,"Bengaluru, IN",ECOMMERCE,11.9,MATCH,MATCH,SUCCESS,96_SYSTEM_ERROR,GATEWAY_500_INTERNAL_ERROR,FAILED,NETWORK_ERROR,"Network timeout between merchant, gateway, and bank.",True,0.5835,1.0
tx_00000733,cust_000216,merch_0012,840.41,INR,UPI,CASHFREE,NA,2026-07-02 00:14:36,0.7921,9,1,21.7,MOBILE_ANDROID,dev_905897,22.8,"Delhi, IN",ECOMMERCE,2.41,MATCH,NOT_CHECKED,SUCCESS,00_SUCCESS,GATEWAY_200_OK,SUCCESS,NONE,Transaction completed successfully.,False,,
tx_00000839,cust_000265,merch_0010,453.8,INR,UPI,RAZORPAY,NA,2026-06-21 13:56:48,0.9144,11,0,17.3,MOBILE_ANDROID,dev_227615,24.47,"Hyderabad, IN",SAAS,11.67,MATCH,NOT_CHECKED,SUCCESS,00_SUCCESS,GATEWAY_200_OK,SUCCESS,NONE,Transaction completed successfully.,False,,
tx_00000096,cust_000099,merch_0034,658.5,INR,CREDIT_CARD,RAZORPAY,MASTERCARD,2026-08-17 19:03:26,0.9281,10,1,14.1,MOBILE_ANDROID,dev_499716,6.43,"Bengaluru, IN",UTILITIES,2.66,MATCH,MATCH,SUCCESS,91_TIMEOUT,GATEWAY_504_TIMEOUT,FAILED,TEMPORARY_GATEWAY_FAILURE,Transient gateway downtime or rate limit.,True,0.8048,0.0
tx_00000258,cust_000051,merch_0007,786.81,INR,UPI,RAZORPAY,NA,2026-06-24 21:12:13,0.4964,12,6,32.0,DESKTOP_MAC,dev_623548,11.44,"Mumbai, IN",ECOMMERCE,10.74,MATCH,NOT_CHECKED,SUCCESS,00_SUCCESS,GATEWAY_200_OK,SUCCESS,NONE,Transaction completed successfully.,False,,
tx_00000090,cust_000268,merch_0020,306.86,INR,CREDIT_CARD,HDFC_PG,VISA,2026-06-06 21:07:11,0.785,10,2,41.7,MOBILE_ANDROID,dev_219271,4.36,"Mumbai, IN",EDTECH,6.5,MATCH,MATCH,SUCCESS,91_TIMEOUT,GATEWAY_504_TIMEOUT,FAILED,TEMPORARY_GATEWAY_FAILURE,Transient gateway downtime or rate limit.,True,0.7129,0.0
tx_00000740,cust_000238,merch_0046,1058.62,INR,UPI,RAZORPAY,NA,2026-08-09 01:56:20,0.6855,13,4,13.9,MOBILE_ANDROID,dev_884487,4.58,"Delhi, IN",EDTECH,10.62,MATCH,NOT_CHECKED,SUCCESS,00_SUCCESS,GATEWAY_200_OK,SUCCESS,NONE,Transaction completed successfully.,False,,
tx_00000330,cust_000058,merch_0005,7110.13,INR,UPI,HDFC_PG,NA,2026-08-10 09:23:31,0.7267,12,2,4.8,MOBILE_ANDROID,dev_935018,7.09,"Chennai, IN",ECOMMERCE,5.16,MATCH,NOT_CHECKED,SUCCESS,00_SUCCESS,GATEWAY_200_OK,SUCCESS,NONE,Transaction completed successfully.,False,,
tx_00000793,cust_000031,merch_0018,1466.66,INR,DEBIT_CARD,RAZORPAY,MASTERCARD,2026-06-22 19:32:40,0.9071,13,2,5.1,MOBILE_IOS,dev_373060,9.22,"Mumbai, IN",ECOMMERCE,21.42,MATCH,MATCH,SUCCESS,00_SUCCESS,GATEWAY_200_OK,SUCCESS,NONE,Transaction completed successfully.,False,,
tx_00000148,cust_000259,merch_0031,502.48,INR,DEBIT_CARD,RAZORPAY,MASTERCARD,2026-06-11 13:23:31,0.8652,11,3,9.9,DESKTOP_WINDOWS,dev_140831,2.58,"Mumbai, IN",EDTECH,13.88,MATCH,MATCH,SUCCESS,00_SUCCESS,GATEWAY_200_OK,SUCCESS,NONE,Transaction completed successfully.,False,,
tx_00000552,cust_000229,merch_0011,150.75,INR,WALLET,RAZORPAY,NA,2026-07-09 00:15:34,0.719,16,5,24.4,MOBILE_ANDROID,dev_190034,8.62,"Chennai, IN",EDTECH,9.25,MATCH,NOT_CHECKED,SUCCESS,00_SUCCESS,GATEWAY_200_OK,SUCCESS,NONE,Transaction completed successfully.,False,,
tx_00000354,cust_000092,merch_0037,485.88,INR,NET_BANKING,RAZORPAY,NA,2026-06-13 05:25:18,0.7203,15,8,5.4,MOBILE_ANDROID,dev_638575,10.82,"Mumbai, IN",ECOMMERCE,3.06,MATCH,NOT_CHECKED,SUCCESS,00_SUCCESS,GATEWAY_200_OK,SUCCESS,NONE,Transaction completed successfully.,False,,
tx_00000636,cust_000250,merch_0002,3091.46,INR,CREDIT_CARD,ICICI_PG,RUPAY,2026-07-20 06:27:31,0.82,9,3,3.2,MOBILE_IOS,dev_880736,0.67,"Delhi, IN",EDTECH,23.05,MATCH,MATCH,SUCCESS,00_SUCCESS,GATEWAY_200_OK,SUCCESS,NONE,Transaction completed successfully.,False,,
tx_00000730,cust_000014,merch_0014,215.56,INR,CREDIT_CARD,RAZORPAY,MASTERCARD,2026-06-30 03:08:08,0.9555,19,1,1.2,MOBILE_ANDROID,dev_178807,6.18,"Bengaluru, IN",ECOMMERCE,13.6,MATCH,MATCH,ATTEMPTED,54_EXPIRED_CARD,GATEWAY_400_BAD_REQUEST,FAILED,EXPIRED_CARD,Card expiry date has passed.,False,0.2505,0.0
tx_00000550,cust_000203,merch_0015,153.27,INR,CREDIT_CARD,HDFC_PG,RUPAY,2026-07-16 15:13:03,0.4007,19,14,16.0,DESKTOP_WINDOWS,dev_862717,10.83,"Bengaluru, IN",FINANCIAL_SERVICES,7.49,MATCH,MATCH,SUCCESS,00_SUCCESS,GATEWAY_200_OK,SUCCESS,NONE,Transaction completed successfully.,False,,
tx_00000752,cust_000231,merch_0037,2268.82,INR,UPI,RAZORPAY,NA,2026-07-28 04:32:27,0.9174,9,0,27.2,MOBILE_ANDROID,dev_238498,15.97,"Bengaluru, IN",SAAS,33.25,MATCH,NOT_CHECKED,SUCCESS,00_SUCCESS,GATEWAY_200_OK,SUCCESS,NONE,Transaction completed successfully.,False,,
tx_00000086,cust_000041,merch_0002,125.52,INR,CREDIT_CARD,RAZORPAY,VISA,2026-07-19 16:07:54,0.8543,14,0,42.1,MOBILE_ANDROID,dev_676035,12.88,"Mumbai, IN",ECOMMERCE,8.47,MATCH,MATCH,SUCCESS,51_INSUFFICIENT_FUNDS,GATEWAY_400_DECLINED,FAILED,INSUFFICIENT_FUNDS,Customer account balance insufficient at transaction time.,True,0.4827,1.0
tx_00000518,cust_000132,merch_0029,206.38,INR,UPI,RAZORPAY,NA,2026-06-12 23:06:16,0.7774,20,5,2.2,MOBILE_ANDROID,dev_659743,2.55,"Bengaluru, IN",GAMING,18.47,MATCH,NOT_CHECKED,SUCCESS,00_SUCCESS,GATEWAY_200_OK,SUCCESS,NONE,Transaction completed successfully.,False,,
tx_00000126,cust_000187,merch_0034,877.12,INR,UPI,RAZORPAY,NA,2026-06-08 07:13:35,0.6431,6,1,1.2,DESKTOP_WINDOWS,dev_196816,5.18,"Mumbai, IN",ECOMMERCE,10.08,NO_MATCH,NOT_CHECKED,FAILED,59_SUSPECTED_FRAUD,GATEWAY_403_RISK_BLOCK,FAILED,FRAUD_RISK_BLOCK,Transaction flagged by risk engine or fraud rules.,False,0.0341,0.0
tx_00000748,cust_000028,merch_0006,99.49,INR,NET_BANKING,ICICI_PG,NA,2026-07-13 21:17:57,0.9459,9,0,42.7,MOBILE_IOS,dev_334099,1.71,"Bengaluru, IN",EDTECH,3.88,MATCH,NOT_CHECKED,SUCCESS,00_SUCCESS,GATEWAY_200_OK,SUCCESS,NONE,Transaction completed successfully.,False,,
tx_00000634,cust_000039,merch_0048,3174.19,INR,UPI,CASHFREE,NA,2026-06-26 23:21:30,0.8731,9,1,57.5,DESKTOP_MAC,dev_721436,2.7,"Mumbai, IN",SAAS,36.47,MATCH,NOT_CHECKED,SUCCESS,91_TIMEOUT,GATEWAY_504_TIMEOUT,FAILED,TEMPORARY_GATEWAY_FAILURE,Transient gateway downtime or rate limit.,True,0.793,1.0
tx_00000447,cust_000177,merch_0034,2491.89,INR,DEBIT_CARD,RAZORPAY,VISA,2026-07-01 02:47:58,0.8975,11,1,22.5,MOBILE_IOS,dev_600279,8.87,"Delhi, IN",FINANCIAL_SERVICES,6.22,MATCH,MATCH,SUCCESS,00_SUCCESS,GATEWAY_200_OK,SUCCESS,NONE,Transaction completed successfully.,False,,
tx_00000791,cust_000247,merch_0003,239.05,INR,UPI,RAZORPAY,NA,2026-07-05 16:35:46,0.7623,16,1,3.8,DESKTOP_WINDOWS,dev_452431,35.23,"Bengaluru, IN",UTILITIES,4.2,MATCH,NOT_CHECKED,SUCCESS,00_SUCCESS,GATEWAY_200_OK,SUCCESS,NONE,Transaction completed successfully.,False,,
tx_00000013,cust_000131,merch_0002,588.83,INR,CREDIT_CARD,BILLDESK,VISA,2026-08-01 13:00:41,0.8613,14,2,17.5,MOBILE_ANDROID,dev_297430,17.82,"Delhi, IN",ECOMMERCE,7.87,MATCH,MATCH,SUCCESS,00_SUCCESS,GATEWAY_200_OK,SUCCESS,NONE,Transaction completed successfully.,False,,
tx_00000960,cust_000154,merch_0033,308.33,INR,UPI,ICICI_PG,NA,2026-08-12 08:51:45,0.452,9,3,9.9,MOBILE_IOS,dev_233745,23.07,"Hyderabad, IN",ECOMMERCE,15.26,MATCH,NOT_CHECKED,SUCCESS,00_SUCCESS,GATEWAY_200_OK,SUCCESS,NONE,Transaction completed successfully.,False,,
tx_00000043,cust_000092,merch_0008,1254.55,INR,UPI,RAZORPAY,NA,2026-07-06 04:16:24,0.7021,16,9,21.7,MOBILE_IOS,dev_275966,19.45,"Mumbai, IN",ECOMMERCE,15.75,PARTIAL_MATCH,NOT_CHECKED,SUCCESS,00_SUCCESS,GATEWAY_200_OK,SUCCESS,NONE,Transaction completed successfully.,False,,
tx_00000435,cust_000090,merch_0013,91.66,INR,UPI,BILLDESK,NA,2026-06-07 21:21:23,0.8145,18,2,7.2,MOBILE_ANDROID,dev_232777,14.15,"Mumbai, IN",ECOMMERCE,17.82,MATCH,NOT_CHECKED,SUCCESS,00_SUCCESS,GATEWAY_200_OK,SUCCESS,NONE,Transaction completed successfully.,False,,
tx_00000924,cust_000148,merch_0047,294.97,INR,UPI,HDFC_PG,NA,2026-07-01 05:56:08,0.4487,20,7,3.6,MOBILE_ANDROID,dev_271869,41.08,"Mumbai, IN",ECOMMERCE,5.53,MATCH,NOT_CHECKED,SUCCESS,00_SUCCESS,GATEWAY_200_OK,SUCCESS,NONE,Transaction completed successfully.,False,,
tx_00000886,cust_000042,merch_0033,1572.61,INR,DEBIT_CARD,HDFC_PG,VISA,2026-06-20 11:09:31,0.7395,11,3,17.3,MOBILE_ANDROID,dev_350736,7.6,"Bengaluru, IN",GAMING,14.95,MATCH,MATCH,SUCCESS,91_TIMEOUT,GATEWAY_504_TIMEOUT,FAILED,TEMPORARY_GATEWAY_FAILURE,Transient gateway downtime or rate limit.,True,0.6688,1.0
tx_00000533,cust_000220,merch_0022,164.39,USD,CREDIT_CARD,ICICI_PG,MASTERCARD,2026-06-20 07:14:51,0.884,14,2,19.5,DESKTOP_WINDOWS,dev_178066,9.37,"Mumbai, IN",UTILITIES,11.69,MATCH,MATCH,SUCCESS,00_SUCCESS,GATEWAY_200_OK,SUCCESS,NONE,Transaction completed successfully.,False,,
tx_00000873,cust_000023,merch_0050,660.94,INR,CREDIT_CARD,ICICI_PG,MASTERCARD,2026-07-13 17:02:36,0.7632,12,3,0.7,MOBILE_ANDROID,dev_315932,10.56,"Hyderabad, IN",SAAS,6.92,MATCH,MATCH,SUCCESS,00_SUCCESS,GATEWAY_200_OK,SUCCESS,NONE,Transaction completed successfully.,False,,
tx_00000391,cust_000039,merch_0018,969.1,INR,UPI,HDFC_PG,NA,2026-08-04 13:30:04,0.8683,11,2,15.1,MOBILE_ANDROID,dev_973663,8.04,"Delhi, IN",ECOMMERCE,19.28,MATCH,NOT_CHECKED,SUCCESS,00_SUCCESS,GATEWAY_200_OK,SUCCESS,NONE,Transaction completed successfully.,False,,
tx_00000396,cust_000023,merch_0035,157.06,INR,NET_BANKING,BILLDESK,NA,2026-07-09 07:45:11,0.8309,15,1,7.0,MOBILE_ANDROID,dev_612625,4.94,"Hyderabad, IN",FINANCIAL_SERVICES,16.44,MATCH,NOT_CHECKED,SUCCESS,00_SUCCESS,GATEWAY_200_OK,SUCCESS,NONE,Transaction completed successfully.,False,,
tx_00000751,cust_000273,merch_0022,113.24,INR,UPI,ICICI_PG,NA,2026-06-01 20:47:46,0.6661,17,7,9.0,DESKTOP_WINDOWS,dev_234048,16.55,"Hyderabad, IN",UTILITIES,39.42,MATCH,NOT_CHECKED,SUCCESS,00_SUCCESS,GATEWAY_200_OK,SUCCESS,NONE,Transaction completed successfully.,False,,
tx_00000573,cust_000136,merch_0020,1970.57,INR,CREDIT_CARD,ICICI_PG,RUPAY,2026-06-13 03:07:26,0.4423,17,8,13.6,MOBILE_ANDROID,dev_182151,8.31,"Hyderabad, IN",SAAS,29.87,MATCH,MATCH,SUCCESS,00_SUCCESS,GATEWAY_200_OK,SUCCESS,NONE,Transaction completed successfully.,False,,
tx_00000198,cust_000259,merch_0009,1337.09,INR,UPI,RAZORPAY,NA,2026-06-30 23:00:27,0.8589,12,2,9.2,DESKTOP_WINDOWS,dev_189694,24.24,"Mumbai, IN",ECOMMERCE,22.47,MATCH,NOT_CHECKED,SUCCESS,00_SUCCESS,GATEWAY_200_OK,SUCCESS,NONE,Transaction completed successfully.,False,,
tx_00000045,cust_000035,merch_0037,127.91,INR,CREDIT_CARD,RAZORPAY,MASTERCARD,2026-06-14 03:45:38,0.9362,10,1,0.8,MOBILE_ANDROID,dev_116471,1.54,"Mumbai, IN",EDTECH,6.06,MATCH,MATCH,SUCCESS,00_SUCCESS,GATEWAY_200_OK,SUCCESS,NONE,Transaction completed successfully.,False,,
tx_00000167,cust_000081,merch_0026,829.28,INR,DEBIT_CARD,RAZORPAY,MASTERCARD,2026-08-10 05:33:42,0.9511,17,0,29.1,MOBILE_IOS,dev_126038,6.37,"Bengaluru, IN",GAMING,10.97,MATCH,MATCH,SUCCESS,00_SUCCESS,GATEWAY_200_OK,SUCCESS,NONE,Transaction completed successfully.,False,,
tx_00000708,cust_000073,merch_0031,317.7,USD,DEBIT_CARD,RAZORPAY,VISA,2026-07-22 15:25:09,0.8631,8,0,12.6,DESKTOP_WINDOWS,dev_648392,24.21,"Chennai, IN",ECOMMERCE,20.67,MATCH,MATCH,SUCCESS,00_SUCCESS,GATEWAY_200_OK,SUCCESS,NONE,Transaction completed successfully.,False,,
tx_00000768,cust_000111,merch_0024,458.4,INR,UPI,HDFC_PG,NA,2026-07-31 16:28:12,0.9337,13,1,14.2,MOBILE_IOS,dev_122474,23.28,"Bengaluru, IN",SAAS,5.1,MATCH,NOT_CHECKED,SUCCESS,00_SUCCESS,GATEWAY_200_OK,SUCCESS,NONE,Transaction completed successfully.,False,,
tx_00000915,cust_000130,merch_0021,1406.9,INR,CREDIT_CARD,BILLDESK,VISA,2026-06-12 11:44:31,0.7401,18,5,8.2,MOBILE_ANDROID,dev_813182,13.64,"Mumbai, IN",ECOMMERCE,13.89,MATCH,MATCH,SUCCESS,00_SUCCESS,GATEWAY_200_OK,SUCCESS,NONE,Transaction completed successfully.,False,,
tx_00000161,cust_000052,merch_0028,4646.06,INR,UPI,ICICI_PG,NA,2026-07-06 03:27:14,0.8262,8,0,6.2,MOBILE_IOS,dev_125960,5.46,"Mumbai, IN",ECOMMERCE,11.31,MATCH,NOT_CHECKED,SUCCESS,00_SUCCESS,GATEWAY_200_OK,SUCCESS,NONE,Transaction completed successfully.,False,,
tx_00000991,cust_000189,merch_0015,206.61,INR,UPI,RAZORPAY,NA,2026-06-24 15:32:01,0.9054,10,2,43.6,MOBILE_IOS,dev_679571,8.44,"Bengaluru, IN",GAMING,20.04,MATCH,NOT_CHECKED,SUCCESS,00_SUCCESS,GATEWAY_200_OK,SUCCESS,NONE,Transaction completed successfully.,False,,
tx_00000192,cust_000240,merch_0043,582.18,EUR,DEBIT_CARD,RAZORPAY,MASTERCARD,2026-08-01 06:51:02,0.7654,15,4,19.0,MOBILE_ANDROID,dev_243932,13.86,"Bengaluru, IN",ECOMMERCE,23.55,MATCH,MATCH,SUCCESS,00_SUCCESS,GATEWAY_200_OK,SUCCESS,NONE,Transaction completed successfully.,False,,
tx_00000699,cust_000022,merch_0049,51.06,INR,DEBIT_CARD,ICICI_PG,VISA,2026-06-10 15:20:37,0.9206,14,1,12.5,MOBILE_ANDROID,dev_929784,17.95,"Mumbai, IN",FINANCIAL_SERVICES,10.56,MATCH,MATCH,SUCCESS,00_SUCCESS,GATEWAY_200_OK,SUCCESS,NONE,Transaction completed successfully.,False,,
tx_00000223,cust_000099,merch_0010,99.04,INR,UPI,ICICI_PG,NA,2026-08-20 04:24:40,0.9735,11,0,5.6,MOBILE_ANDROID,dev_599224,20.34,"Mumbai, IN",ECOMMERCE,31.47,MATCH,NOT_CHECKED,SUCCESS,00_SUCCESS,GATEWAY_200_OK,SUCCESS,NONE,Transaction completed successfully.,False,,
tx_00000110,cust_000042,merch_0017,1449.15,USD,UPI,ICICI_PG,NA,2026-06-21 17:15:29,0.9762,8,1,5.9,MOBILE_IOS,dev_261468,10.13,"Mumbai, IN",ECOMMERCE,21.97,MATCH,NOT_CHECKED,SUCCESS,51_INSUFFICIENT_FUNDS,GATEWAY_400_DECLINED,FAILED,INSUFFICIENT_FUNDS,Customer account balance insufficient at transaction time.,True,0.5646,1.0
tx_00000235,cust_000254,merch_0037,3105.25,INR,UPI,RAZORPAY,NA,2026-05-27 18:32:44,0.8781,9,0,20.5,MOBILE_ANDROID,dev_632589,8.68,"London, UK",ECOMMERCE,31.74,MATCH,NOT_CHECKED,SUCCESS,00_SUCCESS,GATEWAY_200_OK,SUCCESS,NONE,Transaction completed successfully.,False,,
tx_00000615,cust_000133,merch_0007,5537.29,INR,UPI,RAZORPAY,NA,2026-06-16 09:25:13,0.7265,8,1,5.5,MOBILE_ANDROID,dev_921070,11.28,"Mumbai, IN",ECOMMERCE,10.98,MATCH,NOT_CHECKED,SUCCESS,00_SUCCESS,GATEWAY_200_OK,SUCCESS,NONE,Transaction completed successfully.,False,,
tx_00000116,cust_000096,merch_0025,637.0,INR,CREDIT_CARD,RAZORPAY,VISA,2026-07-17 20:08:56,0.7398,17,2,6.0,MOBILE_IOS,dev_835158,20.93,"Mumbai, IN",FINANCIAL_SERVICES,4.88,MATCH,MATCH,SUCCESS,91_TIMEOUT,GATEWAY_504_TIMEOUT,FAILED,TEMPORARY_GATEWAY_FAILURE,Transient gateway downtime or rate limit.,True,0.6937,0.0
tx_00000704,cust_000046,merch_0009,119.16,INR,UPI,ICICI_PG,NA,2026-07-26 12:18:21,0.7678,16,2,5.0,DESKTOP_MAC,dev_593605,5.14,"New York, US",FINANCIAL_SERVICES,4.25,MATCH,NOT_CHECKED,SUCCESS,00_SUCCESS,GATEWAY_200_OK,SUCCESS,NONE,Transaction completed successfully.,False,,
tx_00000901,cust_000123,merch_0047,579.11,INR,UPI,RAZORPAY,NA,2026-06-22 07:19:30,0.877,18,0,20.3,MOBILE_ANDROID,dev_133521,1.75,"Bengaluru, IN",ECOMMERCE,33.11,MATCH,NOT_CHECKED,SUCCESS,00_SUCCESS,GATEWAY_200_OK,SUCCESS,NONE,Transaction completed successfully.,False,,
tx_00000750,cust_000039,merch_0019,423.04,INR,CREDIT_CARD,RAZORPAY,RUPAY,2026-06-07 18:40:25,0.5787,12,5,1.3,DESKTOP_WINDOWS,dev_596723,6.49,"Chennai, IN",SAAS,10.52,MATCH,MATCH,SUCCESS,00_SUCCESS,GATEWAY_200_OK,SUCCESS,NONE,Transaction completed successfully.,False,,
tx_00000162,cust_000268,merch_0046,316.78,INR,UPI,RAZORPAY,NA,2026-08-06 17:48:06,0.9036,9,1,0.9,MOBILE_IOS,dev_878527,8.66,"Hyderabad, IN",GAMING,18.67,MATCH,NOT_CHECKED,SUCCESS,00_SUCCESS,GATEWAY_200_OK,SUCCESS,NONE,Transaction completed successfully.,False,,
tx_00000095,cust_000293,merch_0009,332.57,EUR,CREDIT_CARD,RAZORPAY,RUPAY,2026-08-22 21:12:39,0.7265,11,4,11.4,MOBILE_ANDROID,dev_992719,4.16,"New York, US",EDTECH,4.03,MATCH,MATCH,SUCCESS,00_SUCCESS,GATEWAY_200_OK,SUCCESS,NONE,Transaction completed successfully.,False,,
tx_00000289,cust_000161,merch_0023,94.78,INR,UPI,ICICI_PG,NA,2026-08-02 04:27:57,0.8041,15,3,3.7,DESKTOP_WINDOWS,dev_680381,8.47,"Bengaluru, IN",ECOMMERCE,15.51,MATCH,NOT_CHECKED,SUCCESS,00_SUCCESS,GATEWAY_200_OK,SUCCESS,NONE,Transaction completed successfully.,False,,
tx_00000547,cust_000149,merch_0033,1209.94,INR,UPI,BILLDESK,NA,2026-07-02 07:58:19,0.7747,17,6,15.9,MOBILE_IOS,dev_588896,29.52,"London, UK",EDTECH,20.75,MATCH,NOT_CHECKED,SUCCESS,00_SUCCESS,GATEWAY_200_OK,SUCCESS,NONE,Transaction completed successfully.,False,,
tx_00000144,cust_000283,merch_0042,2865.11,INR,UPI,RAZORPAY,NA,2026-05-31 19:30:50,0.669,20,7,16.1,MOBILE_ANDROID,dev_716794,12.08,"Delhi, IN",FINANCIAL_SERVICES,8.16,MATCH,NOT_CHECKED,SUCCESS,91_TIMEOUT,GATEWAY_504_TIMEOUT,FAILED,TEMPORARY_GATEWAY_FAILURE,Transient gateway downtime or rate limit.,True,0.5168,1.0
tx_00000213,cust_000144,merch_0044,585.32,INR,UPI,RAZORPAY,NA,2026-08-05 15:56:18,0.9551,15,1,0.7,MOBILE_IOS,dev_843346,3.33,"Bengaluru, IN",EDTECH,21.37,MATCH,NOT_CHECKED,SUCCESS,00_SUCCESS,GATEWAY_200_OK,SUCCESS,NONE,Transaction completed successfully.,False,,
tx_00000643,cust_000222,merch_0021,140.3,INR,NET_BANKING,ICICI_PG,NA,2026-08-20 17:32:18,0.8698,10,2,34.6,MOBILE_ANDROID,dev_235811,23.04,"Delhi, IN",ECOMMERCE,16.59,MATCH,NOT_CHECKED,SUCCESS,00_SUCCESS,GATEWAY_200_OK,SUCCESS,NONE,Transaction completed successfully.,False,,
tx_00000371,cust_000237,merch_0010,944.48,INR,DEBIT_CARD,CASHFREE,VISA,2026-06-06 03:11:37,0.5311,18,8,0.3,MOBILE_ANDROID,dev_743269,10.15,"New York, US",EDTECH,16.66,MATCH,MATCH,SUCCESS,00_SUCCESS,GATEWAY_200_OK,SUCCESS,NONE,Transaction completed successfully.,False,,
tx_00000082,cust_000163,merch_0005,260.47,INR,NET_BANKING,HDFC_PG,NA,2026-07-08 15:23:03,0.8826,9,1,17.6,MOBILE_ANDROID,dev_206276,16.36,"Bengaluru, IN",EDTECH,13.91,PARTIAL_MATCH,NOT_CHECKED,ATTEMPTED,05_DO_NOT_HONOR,GATEWAY_400_DECLINED,FAILED,BANK_DECLINED,Issuing bank declined transaction without specific reason.,False,0.1742,0.0
tx_00000865,cust_000089,merch_0049,8010.71,INR,UPI,HDFC_PG,NA,2026-08-03 22:45:06,0.7122,12,4,6.1,DESKTOP_MAC,dev_741447,27.22,"Chennai, IN",SAAS,5.14,MATCH,NOT_CHECKED,SUCCESS,00_SUCCESS,GATEWAY_200_OK,SUCCESS,NONE,Transaction completed successfully.,False,,
tx_00000203,cust_000199,merch_0043,65.65,INR,UPI,ICICI_PG,NA,2026-06-22 03:08:04,0.946,11,2,7.9,MOBILE_IOS,dev_209660,6.5,"Bengaluru, IN",ECOMMERCE,31.29,PARTIAL_MATCH,NOT_CHECKED,ATTEMPTED,05_DO_NOT_HONOR,GATEWAY_400_DECLINED,FAILED,BANK_DECLINED,Issuing bank declined transaction without specific reason.,False,0.3546,0.0
tx_00000757,cust_000145,merch_0010,7830.84,INR,CREDIT_CARD,RAZORPAY,VISA,2026-07-03 13:46:05,0.7469,19,5,2.0,MOBILE_ANDROID,dev_794618,21.28,"Bengaluru, IN",GAMING,39.3,MATCH,MATCH,SUCCESS,00_SUCCESS,GATEWAY_200_OK,SUCCESS,NONE,Transaction completed successfully.,False,,
tx_00000092,cust_000048,merch_0037,4637.04,INR,DEBIT_CARD,CASHFREE,RUPAY,2026-07-02 14:21:42,0.6839,13,4,9.3,MOBILE_ANDROID,dev_832555,11.12,"Bengaluru, IN",ECOMMERCE,13.37,MATCH,MATCH,SUCCESS,00_SUCCESS,GATEWAY_200_OK,SUCCESS,NONE,Transaction completed successfully.,False,,
tx_00000189,cust_000280,merch_0043,1014.03,INR,UPI,CASHFREE,NA,2026-08-09 03:20:12,0.6889,13,3,5.1,MOBILE_IOS,dev_432643,27.01,"Bengaluru, IN",EDTECH,5.76,MATCH,NOT_CHECKED,SUCCESS,00_SUCCESS,GATEWAY_200_OK,SUCCESS,NONE,Transaction completed successfully.,False,,
tx_00000834,cust_000168,merch_0045,1960.29,INR,CREDIT_CARD,HDFC_PG,VISA,2026-07-04 17:06:34,0.8302,8,2,39.8,MOBILE_ANDROID,dev_495799,6.15,"Mumbai, IN",UTILITIES,6.62,MATCH,MATCH,SUCCESS,00_SUCCESS,GATEWAY_200_OK,SUCCESS,NONE,Transaction completed successfully.,False,,
tx_00000656,cust_000098,merch_0038,14043.91,INR,UPI,HDFC_PG,NA,2026-07-15 23:41:48,0.9095,11,0,2.5,MOBILE_ANDROID,dev_590226,22.55,"Mumbai, IN",FINANCIAL_SERVICES,45.01,MATCH,NOT_CHECKED,SUCCESS,96_SYSTEM_ERROR,GATEWAY_500_INTERNAL_ERROR,FAILED,NETWORK_ERROR,"Network timeout between merchant, gateway, and bank.",True,0.7459,0.0
tx_00000920,cust_000282,merch_0038,556.78,INR,UPI,HDFC_PG,NA,2026-07-06 21:32:13,0.8599,15,2,15.3,DESKTOP_MAC,dev_284391,5.52,"Mumbai, IN",SAAS,3.59,MATCH,NOT_CHECKED,SUCCESS,00_SUCCESS,GATEWAY_200_OK,SUCCESS,NONE,Transaction completed successfully.,False,,
tx_00000716,cust_000107,merch_0028,423.64,USD,DEBIT_CARD,HDFC_PG,VISA,2026-07-05 15:56:49,0.9013,10,2,1.8,DESKTOP_MAC,dev_108769,15.91,"Chennai, IN",SAAS,12.41,NO_MATCH,NO_MATCH,FAILED,59_SUSPECTED_FRAUD,GATEWAY_403_RISK_BLOCK,FAILED,FRAUD_RISK_BLOCK,Transaction flagged by risk engine or fraud rules.,False,0.0384,0.0
tx_00000574,cust_000186,merch_0022,566.08,INR,CREDIT_CARD,RAZORPAY,VISA,2026-06-14 05:21:51,0.8067,16,4,1.7,MOBILE_IOS,dev_590341,6.65,"Delhi, IN",ECOMMERCE,11.64,MATCH,MATCH,SUCCESS,96_SYSTEM_ERROR,GATEWAY_500_INTERNAL_ERROR,FAILED,NETWORK_ERROR,"Network timeout between merchant, gateway, and bank.",True,0.6422,0.0
tx_00000385,cust_000069,merch_0035,305.16,INR,DEBIT_CARD,RAZORPAY,MASTERCARD,2026-08-08 22:42:31,0.6679,12,3,23.2,MOBILE_ANDROID,dev_282097,6.3,"Delhi, IN",ECOMMERCE,48.39,MATCH,MATCH,SUCCESS,91_TIMEOUT,GATEWAY_504_TIMEOUT,FAILED,TEMPORARY_GATEWAY_FAILURE,Transient gateway downtime or rate limit.,True,0.6465,0.0
tx_00000895,cust_000289,merch_0034,952.83,INR,UPI,CASHFREE,NA,2026-05-28 07:23:05,0.9012,12,0,6.6,MOBILE_ANDROID,dev_609444,2.18,"Bengaluru, IN",EDTECH,31.92,PARTIAL_MATCH,NOT_CHECKED,SUCCESS,00_SUCCESS,GATEWAY_200_OK,SUCCESS,NONE,Transaction completed successfully.,False,,
tx_00000698,cust_000170,merch_0044,2674.49,INR,UPI,HDFC_PG,NA,2026-07-30 23:28:15,0.6021,11,5,3.0,MOBILE_ANDROID,dev_684949,17.57,"Mumbai, IN",SAAS,4.32,MATCH,NOT_CHECKED,SUCCESS,00_SUCCESS,GATEWAY_200_OK,SUCCESS,NONE,Transaction completed successfully.,False,,
tx_00000944,cust_000051,merch_0004,219.41,INR,UPI,BILLDESK,NA,2026-06-26 00:17:47,0.9367,20,1,11.7,MOBILE_ANDROID,dev_951787,8.87,"Mumbai, IN",ECOMMERCE,7.41,MATCH,NOT_CHECKED,SUCCESS,00_SUCCESS,GATEWAY_200_OK,SUCCESS,NONE,Transaction completed successfully.,False,,
tx_00000747,cust_000119,merch_0018,77.08,USD,UPI,RAZORPAY,NA,2026-07-27 07:07:19,0.9241,12,0,17.8,MOBILE_IOS,dev_340269,26.01,"Mumbai, IN",EDTECH,40.55,MATCH,NOT_CHECKED,SUCCESS,51_INSUFFICIENT_FUNDS,GATEWAY_400_DECLINED,FAILED,INSUFFICIENT_FUNDS,Customer account balance insufficient at transaction time.,True,0.5764,1.0
tx_00000472,cust_000265,merch_0043,855.22,INR,UPI,RAZORPAY,NA,2026-07-05 14:59:36,0.5301,9,6,29.3,DESKTOP_MAC,dev_103573,11.33,"Delhi, IN",ECOMMERCE,12.83,MATCH,NOT_CHECKED,SUCCESS,00_SUCCESS,GATEWAY_200_OK,SUCCESS,NONE,Transaction completed successfully.,False,,
tx_00000426,cust_000012,merch_0038,226.97,INR,CREDIT_CARD,RAZORPAY,RUPAY,2026-08-23 03:36:11,0.6538,16,8,1.1,MOBILE_ANDROID,dev_629966,40.87,"Mumbai, IN",FINANCIAL_SERVICES,12.77,MATCH,MATCH,SUCCESS,00_SUCCESS,GATEWAY_200_OK,SUCCESS,NONE,Transaction completed successfully.,False,,
tx_00000508,cust_000170,merch_0030,84.72,INR,UPI,RAZORPAY,NA,2026-06-01 23:44:04,0.7127,7,2,11.1,MOBILE_IOS,dev_276104,21.24,"Mumbai, IN",ECOMMERCE,5.18,MATCH,NOT_CHECKED,SUCCESS,00_SUCCESS,GATEWAY_200_OK,SUCCESS,NONE,Transaction completed successfully.,False,,
tx_00000208,cust_000151,merch_0035,153.52,INR,UPI,ICICI_PG,NA,2026-07-10 14:04:54,0.7561,12,3,7.4,MOBILE_ANDROID,dev_364091,17.85,"Mumbai, IN",SAAS,13.49,MATCH,NOT_CHECKED,SUCCESS,00_SUCCESS,GATEWAY_200_OK,SUCCESS,NONE,Transaction completed successfully.,False,,
tx_00000320,cust_000092,merch_0029,999.26,INR,CREDIT_CARD,RAZORPAY,VISA,2026-06-21 08:46:51,0.9613,11,1,13.3,MOBILE_ANDROID,dev_634214,3.47,"Mumbai, IN",FINANCIAL_SERVICES,41.87,MATCH,MATCH,SUCCESS,51_INSUFFICIENT_FUNDS,GATEWAY_400_DECLINED,FAILED,INSUFFICIENT_FUNDS,Customer account balance insufficient at transaction time.,True,0.5609,1.0
tx_00000849,cust_000296,merch_0001,279.37,INR,CREDIT_CARD,RAZORPAY,MASTERCARD,2026-07-27 00:48:30,0.9463,14,1,3.4,MOBILE_ANDROID,dev_714139,14.64,"Hyderabad, IN",FINANCIAL_SERVICES,10.86,MATCH,MATCH,SUCCESS,00_SUCCESS,GATEWAY_200_OK,SUCCESS,NONE,Transaction completed successfully.,False,,
tx_00000374,cust_000192,merch_0026,908.56,INR,CREDIT_CARD,RAZORPAY,VISA,2026-06-02 18:52:38,0.9127,17,1,7.0,MOBILE_ANDROID,dev_126921,17.09,"Delhi, IN",ECOMMERCE,6.57,PARTIAL_MATCH,MATCH,ATTEMPTED,05_DO_NOT_HONOR,GATEWAY_400_DECLINED,FAILED,BANK_DECLINED,Issuing bank declined transaction without specific reason.,False,0.1601,0.0
tx_00000526,cust_000202,merch_0027,1727.14,INR,UPI,RAZORPAY,NA,2026-06-05 23:57:52,0.871,12,2,7.5,MOBILE_IOS,dev_658335,15.22,"Delhi, IN",ECOMMERCE,22.28,MATCH,NOT_CHECKED,SUCCESS,00_SUCCESS,GATEWAY_200_OK,SUCCESS,NONE,Transaction completed successfully.,False,,
tx_00000946,cust_000296,merch_0001,354.33,INR,UPI,RAZORPAY,NA,2026-07-12 04:26:53,0.9853,11,0,13.1,MOBILE_IOS,dev_226731,13.53,"Bengaluru, IN",GAMING,4.82,MATCH,NOT_CHECKED,SUCCESS,00_SUCCESS,GATEWAY_200_OK,SUCCESS,NONE,Transaction completed successfully.,False,,
tx_00000787,cust_000004,merch_0006,1719.84,INR,DEBIT_CARD,RAZORPAY,VISA,2026-07-25 13:06:44,0.551,10,4,2.4,MOBILE_ANDROID,dev_977806,45.27,"Hyderabad, IN",ECOMMERCE,10.25,MATCH,MATCH,SUCCESS,00_SUCCESS,GATEWAY_200_OK,SUCCESS,NONE,Transaction completed successfully.,False,,
tx_00000094,cust_000216,merch_0030,3168.87,INR,UPI,CASHFREE,NA,2026-07-15 18:50:50,0.7288,10,3,14.5,MOBILE_IOS,dev_649514,25.88,"Mumbai, IN",GAMING,28.66,MATCH,NOT_CHECKED,SUCCESS,00_SUCCESS,GATEWAY_200_OK,SUCCESS,NONE,Transaction completed successfully.,False,,
tx_00000355,cust_000058,merch_0043,541.3,USD,CREDIT_CARD,RAZORPAY,VISA,2026-07-21 20:54:55,0.8641,10,1,10.5,DESKTOP_WINDOWS,dev_439509,37.66,"Delhi, IN",ECOMMERCE,4.89,MATCH,MATCH,SUCCESS,00_SUCCESS,GATEWAY_200_OK,SUCCESS,NONE,Transaction completed successfully.,False,,
tx_00000489,cust_000186,merch_0012,550.37,USD,CREDIT_CARD,RAZORPAY,VISA,2026-06-12 18:22:50,0.8783,14,1,4.4,MOBILE_ANDROID,dev_643176,5.47,"Hyderabad, IN",ECOMMERCE,8.86,MATCH,MATCH,SUCCESS,00_SUCCESS,GATEWAY_200_OK,SUCCESS,NONE,Transaction completed successfully.,False,,
tx_00000800,cust_000075,merch_0008,3596.24,INR,UPI,CASHFREE,NA,2026-07-24 20:46:07,0.6546,11,2,6.3,MOBILE_ANDROID,dev_848839,13.44,"Delhi, IN",GAMING,16.57,MATCH,NOT_CHECKED,SUCCESS,00_SUCCESS,GATEWAY_200_OK,SUCCESS,NONE,Transaction completed successfully.,False,,
tx_00000974,cust_000152,merch_0004,236.82,INR,CREDIT_CARD,RAZORPAY,RUPAY,2026-06-08 15:28:16,0.7282,9,2,11.1,MOBILE_ANDROID,dev_478803,20.33,"Mumbai, IN",ECOMMERCE,3.05,MATCH,MATCH,SUCCESS,00_SUCCESS,GATEWAY_200_OK,SUCCESS,NONE,Transaction completed successfully.,False,,
tx_00000558,cust_000233,merch_0029,2622.76,INR,UPI,HDFC_PG,NA,2026-06-30 15:01:49,0.8611,13,0,49.6,MOBILE_ANDROID,dev_886228,46.89,"Delhi, IN",SAAS,3.62,MATCH,NOT_CHECKED,SUCCESS,91_TIMEOUT,GATEWAY_504_TIMEOUT,FAILED,TEMPORARY_GATEWAY_FAILURE,Transient gateway downtime or rate limit.,True,0.7177,1.0
tx_00000711,cust_000047,merch_0050,971.93,EUR,CREDIT_CARD,CASHFREE,RUPAY,2026-06-17 12:15:19,0.7842,7,1,1.4,MOBILE_IOS,dev_341955,34.84,"Bengaluru, IN",ECOMMERCE,9.59,PARTIAL_MATCH,MATCH,SUCCESS,00_SUCCESS,GATEWAY_200_OK,SUCCESS,NONE,Transaction completed successfully.,False,,
tx_00000314,cust_000036,merch_0032,1645.63,INR,NET_BANKING,BILLDESK,NA,2026-08-24 11:06:49,0.4318,18,8,8.9,DESKTOP_WINDOWS,dev_526596,7.95,"Bengaluru, IN",ECOMMERCE,4.58,NO_MATCH,NOT_CHECKED,FAILED,59_SUSPECTED_FRAUD,GATEWAY_403_RISK_BLOCK,FAILED,FRAUD_RISK_BLOCK,Transaction flagged by risk engine or fraud rules.,False,0.0202,0.0
tx_00000878,cust_000225,merch_0020,377.12,INR,UPI,RAZORPAY,NA,2026-06-05 16:57:59,0.911,13,0,9.4,MOBILE_ANDROID,dev_574514,23.68,"Mumbai, IN",SAAS,10.3,MATCH,NOT_CHECKED,SUCCESS,00_SUCCESS,GATEWAY_200_OK,SUCCESS,NONE,Transaction completed successfully.,False,,
tx_00000784,cust_000198,merch_0015,648.32,INR,CREDIT_CARD,HDFC_PG,MASTERCARD,2026-07-25 21:54:31,0.8821,5,0,0.8,MOBILE_ANDROID,dev_342463,27.97,"Bengaluru, IN",GAMING,36.78,MATCH,MATCH,SUCCESS,00_SUCCESS,GATEWAY_200_OK,SUCCESS,NONE,Transaction completed successfully.,False,,
tx_00000853,cust_000270,merch_0043,1914.28,INR,CREDIT_CARD,CASHFREE,VISA,2026-08-21 19:09:22,0.9529,5,0,20.1,MOBILE_IOS,dev_857011,13.45,"Hyderabad, IN",ECOMMERCE,12.29,MATCH,MATCH,SUCCESS,00_SUCCESS,GATEWAY_200_OK,SUCCESS,NONE,Transaction completed successfully.,False,,
tx_00000348,cust_000106,merch_0015,238.35,INR,UPI,RAZORPAY,NA,2026-07-02 18:33:33,0.7708,7,2,4.8,MOBILE_ANDROID,dev_367709,4.24,"Bengaluru, IN",SAAS,28.02,PARTIAL_MATCH,NOT_CHECKED,ATTEMPTED,05_DO_NOT_HONOR,GATEWAY_400_DECLINED,FAILED,BANK_DECLINED,Issuing bank declined transaction without specific reason.,False,0.1485,0.0
tx_00000494,cust_000215,merch_0046,3250.62,INR,DEBIT_CARD,RAZORPAY,VISA,2026-07-27 02:11:17,0.9223,14,2,8.4,MOBILE_ANDROID,dev_528960,11.36,"Mumbai, IN",GAMING,24.37,MATCH,MATCH,SUCCESS,00_SUCCESS,GATEWAY_200_OK,SUCCESS,NONE,Transaction completed successfully.,False,,
tx_00000073,cust_000157,merch_0019,401.69,INR,UPI,RAZORPAY,NA,2026-08-23 05:52:12,0.5842,21,9,7.0,MOBILE_ANDROID,dev_367867,8.23,"Mumbai, IN",FINANCIAL_SERVICES,37.17,MATCH,NOT_CHECKED,SUCCESS,00_SUCCESS,GATEWAY_200_OK,SUCCESS,NONE,Transaction completed successfully.,False,,
tx_00000221,cust_000009,merch_0049,285.37,INR,DEBIT_CARD,RAZORPAY,RUPAY,2026-07-14 19:17:05,0.8062,13,2,7.5,MOBILE_ANDROID,dev_507681,29.95,"Mumbai, IN",SAAS,12.16,MATCH,MATCH,SUCCESS,51_INSUFFICIENT_FUNDS,GATEWAY_400_DECLINED,FAILED,INSUFFICIENT_FUNDS,Customer account balance insufficient at transaction time.,True,0.2815,0.0
tx_00000796,cust_000036,merch_0015,1205.27,INR,UPI,HDFC_PG,NA,2026-06-11 21:09:10,0.6891,14,6,1.5,MOBILE_IOS,dev_800892,4.1,"Mumbai, IN",GAMING,6.74,MATCH,NOT_CHECKED,SUCCESS,51_INSUFFICIENT_FUNDS,GATEWAY_400_DECLINED,FAILED,INSUFFICIENT_FUNDS,Customer account balance insufficient at transaction time.,True,0.3559,1.0
tx_00000990,cust_000063,merch_0021,124.53,INR,UPI,HDFC_PG,NA,2026-08-14 05:52:41,0.9331,11,0,8.6,MOBILE_ANDROID,dev_437621,25.26,"Chennai, IN",ECOMMERCE,7.52,MATCH,NOT_CHECKED,SUCCESS,00_SUCCESS,GATEWAY_200_OK,SUCCESS,NONE,Transaction completed successfully.,False,,
tx_00000127,cust_000243,merch_0023,389.03,EUR,UPI,HDFC_PG,NA,2026-07-10 22:50:13,0.8268,13,0,34.4,DESKTOP_WINDOWS,dev_497974,5.74,"Mumbai, IN",GAMING,12.01,NOT_SUPPORTED,NOT_CHECKED,BYPASSED,99_UNKNOWN,GATEWAY_500_UNKNOWN,FAILED,UNKNOWN_FAILURE,Unclassified or ambiguous error response.,True,0.4042,0.0
tx_00000041,cust_000265,merch_0024,698.77,INR,CREDIT_CARD,RAZORPAY,RUPAY,2026-07-02 08:40:46,0.7378,10,3,1.6,MOBILE_ANDROID,dev_646913,13.62,"Bengaluru, IN",ECOMMERCE,19.18,MATCH,MATCH,SUCCESS,00_SUCCESS,GATEWAY_200_OK,SUCCESS,NONE,Transaction completed successfully.,False,,
tx_00000782,cust_000150,merch_0036,3106.73,INR,UPI,BILLDESK,NA,2026-07-16 20:03:29,0.9029,10,1,38.2,DESKTOP_MAC,dev_134828,24.63,"Delhi, IN",ECOMMERCE,14.98,PARTIAL_MATCH,NOT_CHECKED,SUCCESS,00_SUCCESS,GATEWAY_200_OK,SUCCESS,NONE,Transaction completed successfully.,False,,
tx_00000755,cust_000300,merch_0003,739.43,USD,CREDIT_CARD,RAZORPAY,VISA,2026-06-01 17:27:19,0.9206,9,0,51.2,MOBILE_IOS,dev_540686,17.11,"Mumbai, IN",GAMING,7.09,MATCH,MATCH,SUCCESS,91_TIMEOUT,GATEWAY_504_TIMEOUT,FAILED,TEMPORARY_GATEWAY_FAILURE,Transient gateway downtime or rate limit.,True,0.827,0.0
tx_00000904,cust_000159,merch_0023,1784.12,INR,UPI,RAZORPAY,NA,2026-07-29 11:53:45,0.7211,10,2,6.5,MOBILE_IOS,dev_500704,28.22,"New York, US",EDTECH,14.62,MATCH,NOT_CHECKED,SUCCESS,00_SUCCESS,GATEWAY_200_OK,SUCCESS,NONE,Transaction completed successfully.,False,,
tx_00000194,cust_000097,merch_0009,1792.7,INR,UPI,RAZORPAY,NA,2026-05-28 16:51:39,0.8993,11,0,2.5,MOBILE_ANDROID,dev_182946,4.81,"Mumbai, IN",ECOMMERCE,15.69,MATCH,NOT_CHECKED,SUCCESS,00_SUCCESS,GATEWAY_200_OK,SUCCESS,NONE,Transaction completed successfully.,False,,
tx_00000732,cust_000078,merch_0018,4158.52,INR,UPI,HDFC_PG,NA,2026-08-10 07:47:55,0.8542,13,4,11.1,MOBILE_IOS,dev_807121,21.18,"Bengaluru, IN",SAAS,16.3,MATCH,NOT_CHECKED,SUCCESS,00_SUCCESS,GATEWAY_200_OK,SUCCESS,NONE,Transaction completed successfully.,False,,
tx_00000892,cust_000157,merch_0050,2029.79,USD,UPI,RAZORPAY,NA,2026-07-25 20:35:46,0.8973,10,1,3.5,MOBILE_ANDROID,dev_853045,11.65,"Mumbai, IN",SAAS,25.69,MATCH,NOT_CHECKED,SUCCESS,00_SUCCESS,GATEWAY_200_OK,SUCCESS,NONE,Transaction completed successfully.,False,,
tx_00000180,cust_000218,merch_0024,819.39,INR,UPI,RAZORPAY,NA,2026-07-19 18:43:08,0.7227,15,4,28.0,MOBILE_IOS,dev_552557,9.07,"Mumbai, IN",EDTECH,12.57,MATCH,NOT_CHECKED,ATTEMPTED,54_EXPIRED_CARD,GATEWAY_400_BAD_REQUEST,FAILED,EXPIRED_CARD,Card expiry date has passed.,False,0.0756,0.0
tx_00000524,cust_000167,merch_0050,1947.39,INR,UPI,RAZORPAY,NA,2026-07-08 05:04:00,0.6456,13,4,30.8,MOBILE_ANDROID,dev_694318,8.73,"Bengaluru, IN",EDTECH,17.46,MATCH,NOT_CHECKED,SUCCESS,96_SYSTEM_ERROR,GATEWAY_500_INTERNAL_ERROR,FAILED,NETWORK_ERROR,"Network timeout between merchant, gateway, and bank.",True,0.4805,1.0
tx_00000047,cust_000081,merch_0033,3599.95,INR,CREDIT_CARD,RAZORPAY,MASTERCARD,2026-08-10 18:15:30,0.8792,13,1,18.4,MOBILE_ANDROID,dev_848172,11.89,"Hyderabad, IN",SAAS,9.45,MATCH,MATCH,SUCCESS,00_SUCCESS,GATEWAY_200_OK,SUCCESS,NONE,Transaction completed successfully.,False,,
tx_00000037,cust_000274,merch_0029,1399.16,INR,UPI,BILLDESK,NA,2026-07-08 05:41:44,0.7037,18,4,21.3,MOBILE_IOS,dev_242432,6.61,"Delhi, IN",GAMING,11.79,MATCH,NOT_CHECKED,SUCCESS,00_SUCCESS,GATEWAY_200_OK,SUCCESS,NONE,Transaction completed successfully.,False,,
tx_00000827,cust_000161,merch_0035,605.87,INR,UPI,ICICI_PG,NA,2026-06-26 04:41:00,0.8257,19,4,1.9,MOBILE_IOS,dev_725549,17.57,"Hyderabad, IN",ECOMMERCE,25.26,PARTIAL_MATCH,NOT_CHECKED,ATTEMPTED,05_DO_NOT_HONOR,GATEWAY_400_DECLINED,FAILED,BANK_DECLINED,Issuing bank declined transaction without specific reason.,False,0.1056,0.0
tx_00000997,cust_000211,merch_0019,1964.89,INR,UPI,RAZORPAY,NA,2026-06-12 05:18:32,0.993,12,0,15.6,DESKTOP_MAC,dev_289219,36.11,"Hyderabad, IN",ECOMMERCE,16.11,MATCH,NOT_CHECKED,SUCCESS,00_SUCCESS,GATEWAY_200_OK,SUCCESS,NONE,Transaction completed successfully.,False,,
tx_00000111,cust_000179,merch_0014,4762.26,INR,CREDIT_CARD,RAZORPAY,MASTERCARD,2026-08-05 03:54:50,0.6464,13,5,1.5,MOBILE_ANDROID,dev_450763,11.08,"Bengaluru, IN",ECOMMERCE,31.65,MATCH,MATCH,SUCCESS,00_SUCCESS,GATEWAY_200_OK,SUCCESS,NONE,Transaction completed successfully.,False,,
tx_00000885,cust_000179,merch_0005,142.71,INR,DEBIT_CARD,HDFC_PG,MASTERCARD,2026-06-16 19:18:14,0.6379,4,1,24.9,MOBILE_ANDROID,dev_306724,30.87,"Bengaluru, IN",SAAS,8.0,MATCH,MATCH,SUCCESS,51_INSUFFICIENT_FUNDS,GATEWAY_400_DECLINED,FAILED,INSUFFICIENT_FUNDS,Customer account balance insufficient at transaction time.,True,0.379,0.0
tx_00000982,cust_000150,merch_0023,555.64,EUR,DEBIT_CARD,BILLDESK,VISA,2026-07-30 20:20:37,0.7903,10,3,24.2,DESKTOP_WINDOWS,dev_644531,6.53,"Chennai, IN",ECOMMERCE,5.83,NO_MATCH,NO_MATCH,FAILED,59_SUSPECTED_FRAUD,GATEWAY_403_RISK_BLOCK,FAILED,FRAUD_RISK_BLOCK,Transaction flagged by risk engine or fraud rules.,False,0.0327,0.0
tx_00000774,cust_000042,merch_0020,1716.46,INR,UPI,RAZORPAY,NA,2026-07-02 05:27:53,0.9058,10,0,9.8,DESKTOP_MAC,dev_712772,14.78,"Bengaluru, IN",ECOMMERCE,20.9,MATCH,NOT_CHECKED,SUCCESS,00_SUCCESS,GATEWAY_200_OK,SUCCESS,NONE,Transaction completed successfully.,False,,
tx_00000824,cust_000293,merch_0025,418.4,INR,UPI,CASHFREE,NA,2026-08-15 03:50:47,0.563,6,2,2.2,MOBILE_ANDROID,dev_534121,8.88,"New York, US",UTILITIES,6.0,MATCH,NOT_CHECKED,SUCCESS,00_SUCCESS,GATEWAY_200_OK,SUCCESS,NONE,Transaction completed successfully.,False,,
tx_00000480,cust_000025,merch_0030,1378.95,INR,UPI,RAZORPAY,NA,2026-07-10 17:04:37,0.8786,14,2,24.3,DESKTOP_WINDOWS,dev_229471,22.75,"Mumbai, IN",SAAS,45.72,MATCH,NOT_CHECKED,SUCCESS,00_SUCCESS,GATEWAY_200_OK,SUCCESS,NONE,Transaction completed successfully.,False,,
tx_00000773,cust_000083,merch_0044,1164.57,USD,UPI,RAZORPAY,NA,2026-06-25 23:06:26,0.8835,11,0,14.9,MOBILE_ANDROID,dev_450906,13.45,"Bengaluru, IN",EDTECH,7.78,MATCH,NOT_CHECKED,SUCCESS,51_INSUFFICIENT_FUNDS,GATEWAY_400_DECLINED,FAILED,INSUFFICIENT_FUNDS,Customer account balance insufficient at transaction time.,True,0.644,0.0
tx_00000843,cust_000069,merch_0010,3701.29,INR,UPI,RAZORPAY,NA,2026-06-20 17:45:13,0.9043,18,3,63.2,MOBILE_ANDROID,dev_189376,16.22,"Mumbai, IN",ECOMMERCE,12.68,MATCH,NOT_CHECKED,SUCCESS,00_SUCCESS,GATEWAY_200_OK,SUCCESS,NONE,Transaction completed successfully.,False,,
tx_00000113,cust_000231,merch_0040,3795.25,INR,CREDIT_CARD,RAZORPAY,MASTERCARD,2026-08-06 09:32:42,0.6248,12,8,27.0,MOBILE_ANDROID,dev_805314,1.62,"Mumbai, IN",FINANCIAL_SERVICES,16.79,MATCH,MATCH,SUCCESS,00_SUCCESS,GATEWAY_200_OK,SUCCESS,NONE,Transaction completed successfully.,False,,
tx_00000819,cust_000047,merch_0020,7646.56,INR,UPI,CASHFREE,NA,2026-07-22 11:22:15,0.538,14,8,30.8,MOBILE_ANDROID,dev_382031,6.91,"Bengaluru, IN",FINANCIAL_SERVICES,23.66,MATCH,NOT_CHECKED,SUCCESS,00_SUCCESS,GATEWAY_200_OK,SUCCESS,NONE,Transaction completed successfully.,False,,
tx_00000618,cust_000053,merch_0044,1183.96,USD,UPI,RAZORPAY,NA,2026-08-06 05:22:03,0.9569,11,0,18.5,MOBILE_ANDROID,dev_112521,14.25,"Delhi, IN",ECOMMERCE,17.2,MATCH,NOT_CHECKED,SUCCESS,91_TIMEOUT,GATEWAY_504_TIMEOUT,FAILED,TEMPORARY_GATEWAY_FAILURE,Transient gateway downtime or rate limit.,True,0.838,1.0
tx_00000786,cust_000112,merch_0036,38.77,INR,DEBIT_CARD,HDFC_PG,VISA,2026-06-27 13:27:19,0.6568,9,5,16.6,MOBILE_IOS,dev_388967,25.22,"Chennai, IN",ECOMMERCE,20.5,MATCH,MATCH,FAILED,65_AUTH_FAILED,GATEWAY_401_AUTH_FAILED,FAILED,AUTHENTICATION_FAILURE,3DS / OTP verification failed or timed out.,False,0.1351,0.0
tx_00000434,cust_000093,merch_0048,196.61,INR,UPI,RAZORPAY,NA,2026-07-30 13:37:30,0.7904,19,4,25.9,MOBILE_IOS,dev_928634,6.14,"Bengaluru, IN",FINANCIAL_SERVICES,4.94,PARTIAL_MATCH,NOT_CHECKED,SUCCESS,00_SUCCESS,GATEWAY_200_OK,SUCCESS,NONE,Transaction completed successfully.,False,,
tx_00000976,cust_000180,merch_0019,89.84,INR,CREDIT_CARD,RAZORPAY,VISA,2026-07-31 02:43:10,0.7646,11,1,1.3,MOBILE_ANDROID,dev_496743,23.8,"Mumbai, IN",SAAS,27.51,MATCH,MATCH,SUCCESS,00_SUCCESS,GATEWAY_200_OK,SUCCESS,NONE,Transaction completed successfully.,False,,
tx_00000099,cust_000035,merch_0022,1128.48,INR,UPI,RAZORPAY,NA,2026-06-23 02:40:02,0.5493,10,5,9.6,DESKTOP_MAC,dev_769419,4.04,"Mumbai, IN",EDTECH,8.42,MATCH,NOT_CHECKED,SUCCESS,00_SUCCESS,GATEWAY_200_OK,SUCCESS,NONE,Transaction completed successfully.,False,,
tx_00000554,cust_000227,merch_0026,1433.97,INR,UPI,HDFC_PG,NA,2026-08-11 00:58:24,0.9108,6,1,6.9,MOBILE_ANDROID,dev_634561,39.8,"Bengaluru, IN",EDTECH,24.53,MATCH,NOT_CHECKED,FAILED,65_AUTH_FAILED,GATEWAY_401_AUTH_FAILED,FAILED,AUTHENTICATION_FAILURE,3DS / OTP verification failed or timed out.,False,0.2194,0.0
tx_00000851,cust_000267,merch_0020,234.0,INR,DEBIT_CARD,RAZORPAY,AMEX,2026-08-01 09:14:37,0.7594,10,2,10.7,MOBILE_ANDROID,dev_537372,25.04,"Delhi, IN",GAMING,32.75,MATCH,MATCH,SUCCESS,96_SYSTEM_ERROR,GATEWAY_500_INTERNAL_ERROR,FAILED,NETWORK_ERROR,"Network timeout between merchant, gateway, and bank.",True,0.5054,0.0
tx_00000004,cust_000072,merch_0030,211.69,INR,UPI,CASHFREE,NA,2026-06-24 13:01:24,0.8903,17,2,2.1,MOBILE_ANDROID,dev_971243,15.66,"Hyderabad, IN",GAMING,5.8,MATCH,NOT_CHECKED,SUCCESS,00_SUCCESS,GATEWAY_200_OK,SUCCESS,NONE,Transaction completed successfully.,False,,
tx_00000247,cust_000277,merch_0026,84.79,INR,WALLET,ICICI_PG,NA,2026-07-18 05:55:10,0.8158,10,1,19.0,MOBILE_IOS,dev_142581,16.48,"Bengaluru, IN",SAAS,2.75,MATCH,NOT_CHECKED,SUCCESS,00_SUCCESS,GATEWAY_200_OK,SUCCESS,NONE,Transaction completed successfully.,False,,
tx_00000650,cust_000075,merch_0038,956.67,USD,UPI,HDFC_PG,NA,2026-08-02 17:26:09,0.8951,9,1,0.5,DESKTOP_WINDOWS,dev_799901,20.15,"Mumbai, IN",FINANCIAL_SERVICES,14.34,MATCH,NOT_CHECKED,SUCCESS,51_INSUFFICIENT_FUNDS,GATEWAY_400_DECLINED,FAILED,INSUFFICIENT_FUNDS,Customer account balance insufficient at transaction time.,True,0.4203,0.0
tx_00000659,cust_000166,merch_0011,1407.4,INR,DEBIT_CARD,ICICI_PG,VISA,2026-07-13 04:09:36,0.7844,7,2,15.5,MOBILE_IOS,dev_779174,11.25,"Mumbai, IN",EDTECH,20.54,MATCH,MATCH,SUCCESS,00_SUCCESS,GATEWAY_200_OK,SUCCESS,NONE,Transaction completed successfully.,False,,
tx_00000759,cust_000212,merch_0029,4428.41,INR,DEBIT_CARD,HDFC_PG,VISA,2026-06-11 07:57:21,0.9615,13,1,8.4,MOBILE_IOS,dev_347704,12.77,"Mumbai, IN",SAAS,5.24,MATCH,MATCH,SUCCESS,00_SUCCESS,GATEWAY_200_OK,SUCCESS,NONE,Transaction completed successfully.,False,,
tx_00000537,cust_000001,merch_0014,1145.73,INR,NET_BANKING,RAZORPAY,NA,2026-07-29 22:20:06,0.7591,9,3,32.4,DESKTOP_WINDOWS,dev_208115,13.7,"Mumbai, IN",ECOMMERCE,10.56,NO_MATCH,NOT_CHECKED,FAILED,14_INVALID_ACCOUNT,GATEWAY_400_BAD_REQUEST,FAILED,INVALID_PAYMENT_DETAILS,"Incorrect card number, CVV, or UPI ID.",False,0.073,0.0
tx_00000233,cust_000113,merch_0017,2740.5,INR,DEBIT_CARD,BILLDESK,MASTERCARD,2026-07-27 15:58:51,0.7696,12,2,5.2,MOBILE_IOS,dev_129553,19.3,"Chennai, IN",ECOMMERCE,36.09,MATCH,MATCH,SUCCESS,00_SUCCESS,GATEWAY_200_OK,SUCCESS,NONE,Transaction completed successfully.,False,,
tx_00000367,cust_000126,merch_0020,572.82,INR,UPI,RAZORPAY,NA,2026-06-10 23:03:37,0.9681,11,1,6.8,MOBILE_ANDROID,dev_915186,9.35,"Hyderabad, IN",ECOMMERCE,10.97,MATCH,NOT_CHECKED,FAILED,65_AUTH_FAILED,GATEWAY_401_AUTH_FAILED,FAILED,AUTHENTICATION_FAILURE,3DS / OTP verification failed or timed out.,False,0.2871,1.0
tx_00000464,cust_000084,merch_0045,5581.6,INR,UPI,RAZORPAY,NA,2026-07-07 03:42:51,0.9062,13,1,20.0,MOBILE_IOS,dev_935209,23.17,"Mumbai, IN",EDTECH,26.1,MATCH,NOT_CHECKED,SUCCESS,91_TIMEOUT,GATEWAY_504_TIMEOUT,FAILED,TEMPORARY_GATEWAY_FAILURE,Transient gateway downtime or rate limit.,True,0.6037,1.0
tx_00000735,cust_000014,merch_0012,277.96,INR,UPI,HDFC_PG,NA,2026-08-09 17:21:37,0.7049,6,2,10.1,MOBILE_ANDROID,dev_763610,3.2,"Chennai, IN",SAAS,8.81,MATCH,NOT_CHECKED,SUCCESS,00_SUCCESS,GATEWAY_200_OK,SUCCESS,NONE,Transaction completed successfully.,False,,
tx_00000805,cust_000062,merch_0042,76.39,INR,NET_BANKING,RAZORPAY,NA,2026-05-28 12:08:25,0.9471,15,0,3.3,DESKTOP_WINDOWS,dev_373513,10.43,"Delhi, IN",GAMING,27.52,MATCH,NOT_CHECKED,SUCCESS,00_SUCCESS,GATEWAY_200_OK,SUCCESS,NONE,Transaction completed successfully.,False,,
tx_00000475,cust_000223,merch_0023,1220.52,INR,DEBIT_CARD,RAZORPAY,MASTERCARD,2026-08-08 12:38:21,0.7681,7,1,37.4,MOBILE_ANDROID,dev_613529,29.51,"Mumbai, IN",SAAS,33.65,PARTIAL_MATCH,MATCH,SUCCESS,00_SUCCESS,GATEWAY_200_OK,SUCCESS,NONE,Transaction completed successfully.,False,,
tx_00000164,cust_000113,merch_0043,1673.01,INR,UPI,RAZORPAY,NA,2026-07-30 03:01:55,0.9621,11,1,1.9,MOBILE_ANDROID,dev_348093,10.25,"Mumbai, IN",GAMING,6.9,MATCH,NOT_CHECKED,SUCCESS,00_SUCCESS,GATEWAY_200_OK,SUCCESS,NONE,Transaction completed successfully.,False,,
tx_00000506,cust_000141,merch_0006,1497.9,INR,DEBIT_CARD,RAZORPAY,MASTERCARD,2026-07-13 02:16:02,0.703,5,4,18.7,MOBILE_IOS,dev_445961,6.84,"Mumbai, IN",FINANCIAL_SERVICES,6.64,MATCH,MATCH,SUCCESS,00_SUCCESS,GATEWAY_200_OK,SUCCESS,NONE,Transaction completed successfully.,False,,
tx_00000027,cust_000271,merch_0010,1061.26,INR,UPI,RAZORPAY,NA,2026-06-19 11:51:07,0.8849,8,1,45.1,DESKTOP_WINDOWS,dev_615470,5.08,"Hyderabad, IN",SAAS,10.13,MATCH,NOT_CHECKED,SUCCESS,00_SUCCESS,GATEWAY_200_OK,SUCCESS,NONE,Transaction completed successfully.,False,,
tx_00000776,cust_000006,merch_0050,613.78,INR,UPI,RAZORPAY,NA,2026-07-04 01:54:23,0.6686,17,1,9.1,MOBILE_ANDROID,dev_406435,10.23,"Chennai, IN",SAAS,3.9,MATCH,NOT_CHECKED,SUCCESS,00_SUCCESS,GATEWAY_200_OK,SUCCESS,NONE,Transaction completed successfully.,False,,
tx_00000987,cust_000177,merch_0024,616.25,INR,NET_BANKING,RAZORPAY,NA,2026-08-23 23:32:07,0.8275,17,3,5.9,MOBILE_ANDROID,dev_394203,32.34,"Mumbai, IN",ECOMMERCE,27.41,MATCH,NOT_CHECKED,SUCCESS,00_SUCCESS,GATEWAY_200_OK,SUCCESS,NONE,Transaction completed successfully.,False,,
tx_00000132,cust_000045,merch_0021,658.32,INR,DEBIT_CARD,RAZORPAY,MASTERCARD,2026-08-18 15:35:53,0.8378,8,0,14.7,DESKTOP_WINDOWS,dev_427282,3.02,"Hyderabad, IN",GAMING,0.63,MATCH,MATCH,SUCCESS,00_SUCCESS,GATEWAY_200_OK,SUCCESS,NONE,Transaction completed successfully.,False,,
tx_00000726,cust_000207,merch_0026,66.24,INR,UPI,CASHFREE,NA,2026-07-15 13:25:38,0.7951,9,3,20.3,DESKTOP_WINDOWS,dev_348339,28.86,"Bengaluru, IN",EDTECH,15.73,PARTIAL_MATCH,NOT_CHECKED,ATTEMPTED,05_DO_NOT_HONOR,GATEWAY_400_DECLINED,FAILED,BANK_DECLINED,Issuing bank declined transaction without specific reason.,False,0.1779,0.0
tx_00000288,cust_000253,merch_0026,726.09,INR,UPI,HDFC_PG,NA,2026-08-24 05:28:29,0.899,14,0,23.8,MOBILE_ANDROID,dev_421133,10.64,"Bengaluru, IN",ECOMMERCE,11.65,NO_MATCH,NOT_CHECKED,FAILED,14_INVALID_ACCOUNT,GATEWAY_400_BAD_REQUEST,FAILED,INVALID_PAYMENT_DETAILS,"Incorrect card number, CVV, or UPI ID.",False,0.1022,0.0
tx_00000454,cust_000224,merch_0024,968.35,INR,CREDIT_CARD,RAZORPAY,MASTERCARD,2026-07-15 21:20:20,0.6274,10,3,8.5,DESKTOP_WINDOWS,dev_454449,46.16,"Mumbai, IN",SAAS,5.83,MATCH,MATCH,SUCCESS,00_SUCCESS,GATEWAY_200_OK,SUCCESS,NONE,Transaction completed successfully.,False,,
tx_00000069,cust_000217,merch_0007,5762.35,INR,UPI,RAZORPAY,NA,2026-08-07 23:43:51,0.6155,11,5,15.0,MOBILE_ANDROID,dev_946299,62.7,"Delhi, IN",FINANCIAL_SERVICES,14.71,PARTIAL_MATCH,NOT_CHECKED,SUCCESS,00_SUCCESS,GATEWAY_200_OK,SUCCESS,NONE,Transaction completed successfully.,False,,
tx_00000578,cust_000041,merch_0017,2125.02,INR,NET_BANKING,BILLDESK,NA,2026-08-01 13:48:13,0.7594,8,3,9.9,MOBILE_ANDROID,dev_129152,13.57,"Chennai, IN",ECOMMERCE,25.05,MATCH,NOT_CHECKED,SUCCESS,00_SUCCESS,GATEWAY_200_OK,SUCCESS,NONE,Transaction completed successfully.,False,,
tx_00000717,cust_000048,merch_0020,89.02,INR,DEBIT_CARD,HDFC_PG,MASTERCARD,2026-05-27 17:20:44,0.6448,20,11,3.3,MOBILE_ANDROID,dev_719657,4.36,"Mumbai, IN",GAMING,17.91,MATCH,MATCH,SUCCESS,00_SUCCESS,GATEWAY_200_OK,SUCCESS,NONE,Transaction completed successfully.,False,,
tx_00000543,cust_000044,merch_0012,245.49,INR,DEBIT_CARD,RAZORPAY,MASTERCARD,2026-05-28 02:42:46,0.649,16,4,26.2,MOBILE_IOS,dev_532038,32.08,"Bengaluru, IN",EDTECH,14.08,MATCH,MATCH,SUCCESS,51_INSUFFICIENT_FUNDS,GATEWAY_400_DECLINED,FAILED,INSUFFICIENT_FUNDS,Customer account balance insufficient at transaction time.,True,0.1989,0.0
tx_00000264,cust_000286,merch_0008,645.21,INR,UPI,ICICI_PG,NA,2026-06-27 15:28:47,0.8102,9,0,8.3,MOBILE_IOS,dev_573574,27.91,"Chennai, IN",SAAS,19.86,MATCH,NOT_CHECKED,SUCCESS,00_SUCCESS,GATEWAY_200_OK,SUCCESS,NONE,Transaction completed successfully.,False,,
tx_00000667,cust_000138,merch_0015,162.73,INR,NET_BANKING,HDFC_PG,NA,2026-06-29 12:24:58,0.945,9,1,8.3,MOBILE_IOS,dev_402838,19.08,"Bengaluru, IN",ECOMMERCE,17.22,MATCH,NOT_CHECKED,SUCCESS,00_SUCCESS,GATEWAY_200_OK,SUCCESS,NONE,Transaction completed successfully.,False,,
tx_00000785,cust_000070,merch_0034,2261.38,EUR,DEBIT_CARD,HDFC_PG,MASTERCARD,2026-06-20 15:51:47,0.9163,15,1,95.9,MOBILE_IOS,dev_920144,8.76,"Mumbai, IN",SAAS,21.35,MATCH,MATCH,SUCCESS,96_SYSTEM_ERROR,GATEWAY_500_INTERNAL_ERROR,FAILED,NETWORK_ERROR,"Network timeout between merchant, gateway, and bank.",True,0.7369,1.0
tx_00000913,cust_000047,merch_0008,1977.52,INR,WALLET,RAZORPAY,NA,2026-07-29 06:48:19,0.9007,19,0,2.2,MOBILE_ANDROID,dev_827531,5.69,"Mumbai, IN",UTILITIES,30.17,MATCH,NOT_CHECKED,SUCCESS,00_SUCCESS,GATEWAY_200_OK,SUCCESS,NONE,Transaction completed successfully.,False,,
tx_00000777,cust_000180,merch_0049,838.5,INR,UPI,HDFC_PG,NA,2026-08-18 11:49:10,0.5461,9,3,4.7,DESKTOP_MAC,dev_148296,18.56,"Bengaluru, IN",ECOMMERCE,39.7,MATCH,NOT_CHECKED,SUCCESS,96_SYSTEM_ERROR,GATEWAY_500_INTERNAL_ERROR,FAILED,NETWORK_ERROR,"Network timeout between merchant, gateway, and bank.",True,0.5029,0.0
tx_00000365,cust_000290,merch_0004,613.23,USD,UPI,ICICI_PG,NA,2026-07-02 01:35:43,0.5048,13,6,28.8,MOBILE_ANDROID,dev_627956,21.38,"New York, US",EDTECH,7.14,MATCH,NOT_CHECKED,SUCCESS,96_SYSTEM_ERROR,GATEWAY_500_INTERNAL_ERROR,FAILED,NETWORK_ERROR,"Network timeout between merchant, gateway, and bank.",True,0.508,1.0
tx_00000555,cust_000147,merch_0034,194.34,USD,CREDIT_CARD,RAZORPAY,VISA,2026-08-15 03:42:24,0.7576,11,2,3.8,MOBILE_IOS,dev_518246,18.86,"Mumbai, IN",EDTECH,14.78,MATCH,MATCH,SUCCESS,00_SUCCESS,GATEWAY_200_OK,SUCCESS,NONE,Transaction completed successfully.,False,,
tx_00000263,cust_000277,merch_0048,547.44,INR,UPI,RAZORPAY,NA,2026-08-11 18:07:10,0.7257,9,1,0.4,MOBILE_ANDROID,dev_588124,18.41,"London, UK",EDTECH,24.0,MATCH,NOT_CHECKED,SUCCESS,00_SUCCESS,GATEWAY_200_OK,SUCCESS,NONE,Transaction completed successfully.,False,,
tx_00000262,cust_000226,merch_0009,455.84,INR,CREDIT_CARD,CASHFREE,VISA,2026-05-31 10:49:58,0.6901,13,3,33.7,MOBILE_IOS,dev_931843,4.83,"Chennai, IN",SAAS,13.78,MATCH,MATCH,SUCCESS,00_SUCCESS,GATEWAY_200_OK,SUCCESS,NONE,Transaction completed successfully.,False,,
tx_00000970,cust_000128,merch_0004,1284.02,INR,CREDIT_CARD,HDFC_PG,MASTERCARD,2026-06-16 06:35:35,0.5997,14,8,18.5,MOBILE_ANDROID,dev_149649,23.2,"Delhi, IN",UTILITIES,2.02,MATCH,MATCH,SUCCESS,00_SUCCESS,GATEWAY_200_OK,SUCCESS,NONE,Transaction completed successfully.,False,,
tx_00000601,cust_000224,merch_0015,434.54,INR,UPI,ICICI_PG,NA,2026-06-21 00:04:30,0.8594,16,1,9.8,MOBILE_ANDROID,dev_303753,20.07,"Bengaluru, IN",ECOMMERCE,33.82,MATCH,NOT_CHECKED,SUCCESS,00_SUCCESS,GATEWAY_200_OK,SUCCESS,NONE,Transaction completed successfully.,False,,
tx_00000891,cust_000231,merch_0020,410.61,INR,UPI,RAZORPAY,NA,2026-06-17 13:19:45,0.5932,13,9,16.2,MOBILE_IOS,dev_561540,1.04,"Mumbai, IN",ECOMMERCE,2.26,MATCH,NOT_CHECKED,SUCCESS,51_INSUFFICIENT_FUNDS,GATEWAY_400_DECLINED,FAILED,INSUFFICIENT_FUNDS,Customer account balance insufficient at transaction time.,True,0.2468,1.0
tx_00000079,cust_000063,merch_0002,1389.83,INR,DEBIT_CARD,ICICI_PG,VISA,2026-08-14 18:48:04,0.6849,13,4,6.3,DESKTOP_WINDOWS,dev_372460,21.23,"Hyderabad, IN",ECOMMERCE,25.57,MATCH,MATCH,SUCCESS,51_INSUFFICIENT_FUNDS,GATEWAY_400_DECLINED,FAILED,INSUFFICIENT_FUNDS,Customer account balance insufficient at transaction time.,True,0.2926,1.0
tx_00000011,cust_000100,merch_0047,7325.29,INR,DEBIT_CARD,RAZORPAY,AMEX,2026-07-21 13:08:08,0.5624,16,7,70.5,MOBILE_ANDROID,dev_700465,7.78,"Mumbai, IN",EDTECH,20.74,MATCH,MATCH,SUCCESS,00_SUCCESS,GATEWAY_200_OK,SUCCESS,NONE,Transaction completed successfully.,False,,
tx_00000908,cust_000015,merch_0023,63.0,INR,DEBIT_CARD,RAZORPAY,VISA,2026-07-03 14:57:50,0.7832,18,4,7.8,MOBILE_ANDROID,dev_894370,3.5,"Mumbai, IN",SAAS,6.34,MATCH,MATCH,SUCCESS,00_SUCCESS,GATEWAY_200_OK,SUCCESS,NONE,Transaction completed successfully.,False,,
tx_00000862,cust_000089,merch_0012,290.12,USD,UPI,HDFC_PG,NA,2026-07-03 16:48:47,0.6993,10,3,1.7,MOBILE_ANDROID,dev_752515,7.71,"Mumbai, IN",UTILITIES,22.51,MATCH,NOT_CHECKED,SUCCESS,00_SUCCESS,GATEWAY_200_OK,SUCCESS,NONE,Transaction completed successfully.,False,,
tx_00000718,cust_000061,merch_0047,757.55,USD,CREDIT_CARD,HDFC_PG,MASTERCARD,2026-06-19 14:15:08,0.681,11,2,2.6,MOBILE_ANDROID,dev_562661,33.18,"Bengaluru, IN",SAAS,6.2,MATCH,MATCH,SUCCESS,96_SYSTEM_ERROR,GATEWAY_500_INTERNAL_ERROR,FAILED,NETWORK_ERROR,"Network timeout between merchant, gateway, and bank.",True,0.5586,0.0
tx_00000083,cust_000289,merch_0020,315.65,INR,UPI,CASHFREE,NA,2026-06-18 16:50:44,0.8643,11,1,6.5,DESKTOP_WINDOWS,dev_907594,27.07,"Delhi, IN",ECOMMERCE,5.84,MATCH,NOT_CHECKED,SUCCESS,00_SUCCESS,GATEWAY_200_OK,SUCCESS,NONE,Transaction completed successfully.,False,,
tx_00000584,cust_000220,merch_0016,404.38,USD,UPI,HDFC_PG,NA,2026-05-28 20:49:29,0.8703,11,0,7.7,MOBILE_ANDROID,dev_341608,33.22,"Bengaluru, IN",ECOMMERCE,7.7,MATCH,NOT_CHECKED,SUCCESS,00_SUCCESS,GATEWAY_200_OK,SUCCESS,NONE,Transaction completed successfully.,False,,
tx_00000423,cust_000043,merch_0034,270.48,EUR,CREDIT_CARD,RAZORPAY,VISA,2026-05-30 23:10:47,0.9113,13,1,19.7,MOBILE_IOS,dev_801940,24.64,"London, UK",SAAS,21.46,MATCH,MATCH,SUCCESS,00_SUCCESS,GATEWAY_200_OK,SUCCESS,NONE,Transaction completed successfully.,False,,
tx_00000181,cust_000160,merch_0022,7278.18,INR,CREDIT_CARD,RAZORPAY,MASTERCARD,2026-06-18 13:56:39,0.7259,16,7,10.8,DESKTOP_WINDOWS,dev_909977,31.11,"Delhi, IN",SAAS,11.36,MATCH,MATCH,SUCCESS,00_SUCCESS,GATEWAY_200_OK,SUCCESS,NONE,Transaction completed successfully.,False,,
tx_00000422,cust_000168,merch_0011,863.59,USD,UPI,RAZORPAY,NA,2026-08-03 12:36:18,0.9171,9,3,30.3,DESKTOP_MAC,dev_922343,27.76,"Delhi, IN",EDTECH,23.8,MATCH,NOT_CHECKED,SUCCESS,00_SUCCESS,GATEWAY_200_OK,SUCCESS,NONE,Transaction completed successfully.,False,,
tx_00000861,cust_000132,merch_0037,3171.35,INR,UPI,ICICI_PG,NA,2026-07-27 03:34:55,0.7195,18,7,8.6,MOBILE_ANDROID,dev_885338,36.2,"Bengaluru, IN",GAMING,30.0,MATCH,NOT_CHECKED,SUCCESS,00_SUCCESS,GATEWAY_200_OK,SUCCESS,NONE,Transaction completed successfully.,False,,
tx_00000955,cust_000055,merch_0028,1024.11,INR,WALLET,RAZORPAY,NA,2026-07-18 20:31:30,0.7578,14,3,5.1,MOBILE_IOS,dev_130845,24.67,"Mumbai, IN",ECOMMERCE,15.28,MATCH,NOT_CHECKED,SUCCESS,51_INSUFFICIENT_FUNDS,GATEWAY_400_DECLINED,FAILED,INSUFFICIENT_FUNDS,Customer account balance insufficient at transaction time.,True,0.3436,0.0
tx_00000906,cust_000216,merch_0038,440.87,INR,WALLET,CASHFREE,NA,2026-06-01 05:01:05,0.9179,8,0,8.4,MOBILE_ANDROID,dev_486044,4.17,"Delhi, IN",SAAS,18.49,MATCH,NOT_CHECKED,SUCCESS,00_SUCCESS,GATEWAY_200_OK,SUCCESS,NONE,Transaction completed successfully.,False,,
tx_00000351,cust_000145,merch_0004,447.91,INR,UPI,HDFC_PG,NA,2026-06-26 04:13:26,0.897,12,1,14.9,MOBILE_ANDROID,dev_326685,12.2,"Delhi, IN",UTILITIES,21.42,MATCH,NOT_CHECKED,SUCCESS,00_SUCCESS,GATEWAY_200_OK,SUCCESS,NONE,Transaction completed successfully.,False,,
tx_00000701,cust_000133,merch_0011,3271.94,INR,UPI,ICICI_PG,NA,2026-07-11 01:17:25,0.804,5,2,5.4,MOBILE_IOS,dev_974805,11.4,"Delhi, IN",ECOMMERCE,12.05,MATCH,NOT_CHECKED,SUCCESS,91_TIMEOUT,GATEWAY_504_TIMEOUT,FAILED,TEMPORARY_GATEWAY_FAILURE,Transient gateway downtime or rate limit.,True,0.7165,1.0
tx_00000754,cust_000126,merch_0041,128.42,EUR,CREDIT_CARD,HDFC_PG,RUPAY,2026-06-15 03:54:36,0.5922,8,4,0.7,MOBILE_IOS,dev_927819,21.99,"New York, US",FINANCIAL_SERVICES,7.99,MATCH,MATCH,SUCCESS,00_SUCCESS,GATEWAY_200_OK,SUCCESS,NONE,Transaction completed successfully.,False,,
tx_00000712,cust_000121,merch_0012,337.24,INR,CREDIT_CARD,RAZORPAY,MASTERCARD,2026-06-30 21:29:08,0.8336,13,2,4.8,MOBILE_ANDROID,dev_494858,10.99,"Mumbai, IN",UTILITIES,25.9,MATCH,MATCH,SUCCESS,91_TIMEOUT,GATEWAY_504_TIMEOUT,FAILED,TEMPORARY_GATEWAY_FAILURE,Transient gateway downtime or rate limit.,True,0.722,0.0
tx_00000686,cust_000281,merch_0026,1793.71,INR,UPI,BILLDESK,NA,2026-07-21 21:05:48,0.928,12,1,1.5,MOBILE_ANDROID,dev_356817,23.07,"Delhi, IN",GAMING,17.45,MATCH,NOT_CHECKED,SUCCESS,51_INSUFFICIENT_FUNDS,GATEWAY_400_DECLINED,FAILED,INSUFFICIENT_FUNDS,Customer account balance insufficient at transaction time.,True,0.5505,0.0
tx_00000276,cust_000046,merch_0017,916.61,INR,NET_BANKING,RAZORPAY,NA,2026-07-28 22:56:55,0.8731,15,3,4.7,MOBILE_IOS,dev_574656,4.72,"Mumbai, IN",UTILITIES,14.68,MATCH,NOT_CHECKED,SUCCESS,91_TIMEOUT,GATEWAY_504_TIMEOUT,FAILED,TEMPORARY_GATEWAY_FAILURE,Transient gateway downtime or rate limit.,True,0.786,0.0
tx_00000973,cust_000182,merch_0046,1321.95,INR,CREDIT_CARD,BILLDESK,RUPAY,2026-06-11 15:48:13,0.8258,8,2,20.6,DESKTOP_MAC,dev_797484,0.92,"Delhi, IN",ECOMMERCE,23.07,MATCH,MATCH,SUCCESS,00_SUCCESS,GATEWAY_200_OK,SUCCESS,NONE,Transaction completed successfully.,False,,
tx_00000877,cust_000145,merch_0037,120.14,INR,UPI,RAZORPAY,NA,2026-08-12 15:17:22,0.7894,10,2,13.5,MOBILE_ANDROID,dev_123268,1.2,"Chennai, IN",EDTECH,25.15,MATCH,NOT_CHECKED,SUCCESS,00_SUCCESS,GATEWAY_200_OK,SUCCESS,NONE,Transaction completed successfully.,False,,
tx_00000064,cust_000213,merch_0031,80.67,USD,NET_BANKING,HDFC_PG,NA,2026-08-01 20:04:48,0.6892,11,2,2.8,MOBILE_IOS,dev_405194,13.55,"Bengaluru, IN",FINANCIAL_SERVICES,8.77,MATCH,NOT_CHECKED,SUCCESS,00_SUCCESS,GATEWAY_200_OK,SUCCESS,NONE,Transaction completed successfully.,False,,
tx_00000270,cust_000192,merch_0030,342.94,INR,UPI,CASHFREE,NA,2026-07-31 03:58:19,0.7839,11,4,4.3,MOBILE_ANDROID,dev_863070,21.54,"Hyderabad, IN",UTILITIES,6.23,MATCH,NOT_CHECKED,ATTEMPTED,54_EXPIRED_CARD,GATEWAY_400_BAD_REQUEST,FAILED,EXPIRED_CARD,Card expiry date has passed.,False,0.0644,0.0
tx_00000117,cust_000222,merch_0039,1677.27,INR,UPI,CASHFREE,NA,2026-07-09 17:33:21,0.6833,13,3,73.8,DESKTOP_WINDOWS,dev_351585,8.82,"Mumbai, IN",GAMING,7.11,MATCH,NOT_CHECKED,SUCCESS,00_SUCCESS,GATEWAY_200_OK,SUCCESS,NONE,Transaction completed successfully.,False,,
tx_00000001,cust_000103,merch_0049,29.22,INR,UPI,RAZORPAY,NA,2026-08-05 20:16:11,0.7782,9,1,33.1,MOBILE_ANDROID,dev_932290,30.73,"Bengaluru, IN",ECOMMERCE,5.92,MATCH,NOT_CHECKED,SUCCESS,96_SYSTEM_ERROR,GATEWAY_500_INTERNAL_ERROR,FAILED,NETWORK_ERROR,"Network timeout between merchant, gateway, and bank.",True,0.4473,0.0
tx_00000941,cust_000106,merch_0008,207.58,INR,CREDIT_CARD,ICICI_PG,MASTERCARD,2026-07-31 07:54:59,0.8285,8,1,8.0,MOBILE_IOS,dev_626854,5.53,"Chennai, IN",EDTECH,20.19,MATCH,MATCH,SUCCESS,00_SUCCESS,GATEWAY_200_OK,SUCCESS,NONE,Transaction completed successfully.,False,,
tx_00000661,cust_000247,merch_0024,825.61,INR,CREDIT_CARD,RAZORPAY,VISA,2026-06-23 09:59:11,0.7997,15,3,3.8,MOBILE_IOS,dev_725389,12.87,"Mumbai, IN",ECOMMERCE,21.13,MATCH,MATCH,SUCCESS,00_SUCCESS,GATEWAY_200_OK,SUCCESS,NONE,Transaction completed successfully.,False,,
tx_00000938,cust_000133,merch_0049,636.78,EUR,CREDIT_CARD,RAZORPAY,VISA,2026-08-02 11:37:43,0.8402,9,2,10.2,MOBILE_IOS,dev_447983,1.33,"Mumbai, IN",ECOMMERCE,12.71,MATCH,MATCH,SUCCESS,51_INSUFFICIENT_FUNDS,GATEWAY_400_DECLINED,FAILED,INSUFFICIENT_FUNDS,Customer account balance insufficient at transaction time.,True,0.5093,0.0
tx_00000153,cust_000234,merch_0012,442.39,INR,DEBIT_CARD,HDFC_PG,MASTERCARD,2026-06-17 17:32:59,0.9339,14,0,48.7,MOBILE_ANDROID,dev_306511,8.38,"Delhi, IN",FINANCIAL_SERVICES,15.95,MATCH,MATCH,SUCCESS,00_SUCCESS,GATEWAY_200_OK,SUCCESS,NONE,Transaction completed successfully.,False,,
tx_00000972,cust_000179,merch_0038,91.95,USD,UPI,HDFC_PG,NA,2026-05-30 02:22:27,0.6915,14,5,13.8,MOBILE_IOS,dev_687791,31.57,"Delhi, IN",ECOMMERCE,7.42,MATCH,NOT_CHECKED,SUCCESS,00_SUCCESS,GATEWAY_200_OK,SUCCESS,NONE,Transaction completed successfully.,False,,
tx_00000361,cust_000058,merch_0013,1047.96,INR,CREDIT_CARD,RAZORPAY,MASTERCARD,2026-07-18 07:29:59,0.5968,8,5,13.8,MOBILE_ANDROID,dev_755347,5.9,"Chennai, IN",UTILITIES,6.23,PARTIAL_MATCH,MATCH,SUCCESS,00_SUCCESS,GATEWAY_200_OK,SUCCESS,NONE,Transaction completed successfully.,False,,
tx_00000707,cust_000218,merch_0039,369.89,INR,NET_BANKING,RAZORPAY,NA,2026-05-31 14:20:53,0.6566,5,4,5.3,MOBILE_ANDROID,dev_328594,18.67,"Hyderabad, IN",GAMING,26.84,PARTIAL_MATCH,NOT_CHECKED,ATTEMPTED,05_DO_NOT_HONOR,GATEWAY_400_DECLINED,FAILED,BANK_DECLINED,Issuing bank declined transaction without specific reason.,False,0.0861,0.0
tx_00000206,cust_000129,merch_0025,1307.46,INR,CREDIT_CARD,RAZORPAY,RUPAY,2026-06-08 05:54:48,0.7614,16,5,5.7,MOBILE_ANDROID,dev_538804,7.56,"Mumbai, IN",FINANCIAL_SERVICES,26.85,MATCH,MATCH,SUCCESS,91_TIMEOUT,GATEWAY_504_TIMEOUT,FAILED,TEMPORARY_GATEWAY_FAILURE,Transient gateway downtime or rate limit.,True,0.5822,0.0
tx_00000758,cust_000013,merch_0035,1338.16,INR,UPI,RAZORPAY,NA,2026-07-30 18:59:01,0.6584,12,4,35.7,MOBILE_IOS,dev_474562,8.86,"Chennai, IN",FINANCIAL_SERVICES,4.88,MATCH,NOT_CHECKED,SUCCESS,00_SUCCESS,GATEWAY_200_OK,SUCCESS,NONE,Transaction completed successfully.,False,,
tx_00000321,cust_000288,merch_0044,91.14,INR,UPI,ICICI_PG,NA,2026-06-23 13:51:14,0.5357,12,8,8.7,MOBILE_ANDROID,dev_406652,22.21,"Delhi, IN",ECOMMERCE,17.41,MATCH,NOT_CHECKED,SUCCESS,00_SUCCESS,GATEWAY_200_OK,SUCCESS,NONE,Transaction completed successfully.,False,,
tx_00000468,cust_000177,merch_0027,744.33,INR,DEBIT_CARD,RAZORPAY,VISA,2026-07-16 11:09:24,0.9264,8,1,14.5,MOBILE_ANDROID,dev_849623,42.51,"Mumbai, IN",EDTECH,15.58,MATCH,MATCH,SUCCESS,00_SUCCESS,GATEWAY_200_OK,SUCCESS,NONE,Transaction completed successfully.,False,,
tx_00000327,cust_000190,merch_0025,329.04,INR,UPI,RAZORPAY,NA,2026-06-09 08:13:16,0.9118,11,0,11.1,MOBILE_ANDROID,dev_864236,5.51,"Chennai, IN",FINANCIAL_SERVICES,19.63,MATCH,NOT_CHECKED,SUCCESS,00_SUCCESS,GATEWAY_200_OK,SUCCESS,NONE,Transaction completed successfully.,False,,
tx_00000627,cust_000173,merch_0007,441.61,INR,CREDIT_CARD,CASHFREE,VISA,2026-07-24 16:42:22,0.7435,10,2,21.2,MOBILE_IOS,dev_457819,22.88,"Mumbai, IN",SAAS,3.84,MATCH,MATCH,SUCCESS,91_TIMEOUT,GATEWAY_504_TIMEOUT,FAILED,TEMPORARY_GATEWAY_FAILURE,Transient gateway downtime or rate limit.,True,0.7509,1.0
tx_00000401,cust_000290,merch_0009,95.21,INR,UPI,ICICI_PG,NA,2026-06-03 20:21:17,0.7615,8,0,1.9,MOBILE_IOS,dev_577060,9.01,"Bengaluru, IN",ECOMMERCE,33.76,MATCH,NOT_CHECKED,SUCCESS,00_SUCCESS,GATEWAY_200_OK,SUCCESS,NONE,Transaction completed successfully.,False,,
tx_00000662,cust_000106,merch_0041,276.56,INR,UPI,RAZORPAY,NA,2026-07-12 03:13:53,0.8134,11,1,12.0,MOBILE_ANDROID,dev_362962,11.4,"Bengaluru, IN",ECOMMERCE,19.44,MATCH,NOT_CHECKED,SUCCESS,00_SUCCESS,GATEWAY_200_OK,SUCCESS,NONE,Transaction completed successfully.,False,,
tx_00000185,cust_000184,merch_0047,1386.71,INR,DEBIT_CARD,HDFC_PG,VISA,2026-08-04 02:01:54,0.9198,8,0,5.5,DESKTOP_MAC,dev_479949,27.16,"Mumbai, IN",SAAS,13.89,PARTIAL_MATCH,MATCH,ATTEMPTED,05_DO_NOT_HONOR,GATEWAY_400_DECLINED,FAILED,BANK_DECLINED,Issuing bank declined transaction without specific reason.,False,0.1769,1.0
tx_00000020,cust_000022,merch_0001,236.73,INR,DEBIT_CARD,RAZORPAY,MASTERCARD,2026-08-23 01:47:23,0.8034,17,2,7.0,MOBILE_ANDROID,dev_768859,5.58,"Hyderabad, IN",FINANCIAL_SERVICES,12.94,MATCH,MATCH,SUCCESS,00_SUCCESS,GATEWAY_200_OK,SUCCESS,NONE,Transaction completed successfully.,False,,
tx_00000756,cust_000025,merch_0028,2140.27,INR,UPI,BILLDESK,NA,2026-08-02 09:10:45,0.7344,10,3,24.7,MOBILE_IOS,dev_237558,10.14,"Mumbai, IN",EDTECH,22.25,MATCH,NOT_CHECKED,SUCCESS,00_SUCCESS,GATEWAY_200_OK,SUCCESS,NONE,Transaction completed successfully.,False,,
tx_00000299,cust_000114,merch_0018,621.87,INR,NET_BANKING,RAZORPAY,NA,2026-08-12 08:19:03,0.7926,7,0,2.8,DESKTOP_MAC,dev_221752,14.0,"Delhi, IN",SAAS,20.97,MATCH,NOT_CHECKED,SUCCESS,00_SUCCESS,GATEWAY_200_OK,SUCCESS,NONE,Transaction completed successfully.,False,,
tx_00000241,cust_000163,merch_0025,556.28,INR,CREDIT_CARD,RAZORPAY,VISA,2026-06-07 21:08:32,0.7973,11,3,2.9,DESKTOP_WINDOWS,dev_227230,10.35,"Mumbai, IN",ECOMMERCE,29.02,MATCH,MATCH,SUCCESS,00_SUCCESS,GATEWAY_200_OK,SUCCESS,NONE,Transaction completed successfully.,False,,
tx_00000789,cust_000152,merch_0042,5543.77,INR,UPI,RAZORPAY,NA,2026-06-27 02:49:07,0.7273,12,0,16.5,DESKTOP_WINDOWS,dev_400196,2.96,"Mumbai, IN",FINANCIAL_SERVICES,36.09,MATCH,NOT_CHECKED,SUCCESS,00_SUCCESS,GATEWAY_200_OK,SUCCESS,NONE,Transaction completed successfully.,False,,
tx_00000590,cust_000256,merch_0003,7014.28,INR,NET_BANKING,RAZORPAY,NA,2026-07-27 16:51:37,0.8809,8,0,20.2,MOBILE_ANDROID,dev_802757,7.09,"Bengaluru, IN",SAAS,18.74,MATCH,NOT_CHECKED,SUCCESS,96_SYSTEM_ERROR,GATEWAY_500_INTERNAL_ERROR,FAILED,NETWORK_ERROR,"Network timeout between merchant, gateway, and bank.",True,0.6802,1.0
tx_00000696,cust_000005,merch_0034,682.71,USD,CREDIT_CARD,HDFC_PG,AMEX,2026-07-27 12:17:53,0.6277,10,4,21.5,DESKTOP_WINDOWS,dev_235938,16.28,"Bengaluru, IN",FINANCIAL_SERVICES,23.3,MATCH,MATCH,SUCCESS,00_SUCCESS,GATEWAY_200_OK,SUCCESS,NONE,Transaction completed successfully.,False,,
tx_00000541,cust_000134,merch_0036,744.81,INR,UPI,ICICI_PG,NA,2026-07-14 14:59:53,0.7611,18,3,28.4,MOBILE_IOS,dev_316855,3.12,"Mumbai, IN",ECOMMERCE,8.54,MATCH,NOT_CHECKED,SUCCESS,00_SUCCESS,GATEWAY_200_OK,SUCCESS,NONE,Transaction completed successfully.,False,,
tx_00000115,cust_000052,merch_0045,2358.39,INR,UPI,RAZORPAY,NA,2026-07-25 02:27:51,0.5976,10,3,17.8,MOBILE_ANDROID,dev_505972,22.61,"Hyderabad, IN",GAMING,14.19,MATCH,NOT_CHECKED,SUCCESS,96_SYSTEM_ERROR,GATEWAY_500_INTERNAL_ERROR,FAILED,NETWORK_ERROR,"Network timeout between merchant, gateway, and bank.",True,0.5668,1.0
tx_00000431,cust_000215,merch_0018,1704.05,INR,UPI,BILLDESK,NA,2026-06-09 03:25:03,0.6624,17,7,6.2,MOBILE_ANDROID,dev_590600,7.96,"Delhi, IN",UTILITIES,3.07,MATCH,NOT_CHECKED,SUCCESS,00_SUCCESS,GATEWAY_200_OK,SUCCESS,NONE,Transaction completed successfully.,False,,
tx_00000857,cust_000165,merch_0028,317.46,INR,UPI,ICICI_PG,NA,2026-07-08 23:51:00,0.7915,16,2,18.4,MOBILE_ANDROID,dev_681177,4.02,"Mumbai, IN",ECOMMERCE,16.96,MATCH,NOT_CHECKED,SUCCESS,00_SUCCESS,GATEWAY_200_OK,SUCCESS,NONE,Transaction completed successfully.,False,,
tx_00000844,cust_000236,merch_0029,505.45,INR,UPI,HDFC_PG,NA,2026-08-14 19:54:03,0.5772,5,2,24.9,MOBILE_ANDROID,dev_634221,25.4,"Hyderabad, IN",ECOMMERCE,13.98,MATCH,NOT_CHECKED,SUCCESS,00_SUCCESS,GATEWAY_200_OK,SUCCESS,NONE,Transaction completed successfully.,False,,
tx_00000648,cust_000229,merch_0047,1680.38,INR,CREDIT_CARD,RAZORPAY,VISA,2026-07-03 21:14:27,0.7929,8,4,29.4,DESKTOP_MAC,dev_598342,15.59,"Delhi, IN",ECOMMERCE,16.86,PARTIAL_MATCH,MATCH,SUCCESS,00_SUCCESS,GATEWAY_200_OK,SUCCESS,NONE,Transaction completed successfully.,False,,
tx_00000469,cust_000100,merch_0038,91.58,INR,UPI,RAZORPAY,NA,2026-07-18 09:52:40,0.5608,17,8,7.2,MOBILE_IOS,dev_624201,7.69,"Chennai, IN",ECOMMERCE,17.39,MATCH,NOT_CHECKED,SUCCESS,00_SUCCESS,GATEWAY_200_OK,SUCCESS,NONE,Transaction completed successfully.,False,,
tx_00000952,cust_000110,merch_0005,2013.47,INR,CREDIT_CARD,CASHFREE,RUPAY,2026-06-19 10:43:55,0.4128,13,6,10.8,MOBILE_ANDROID,dev_855826,9.7,"Bengaluru, IN",ECOMMERCE,9.86,MATCH,MATCH,SUCCESS,00_SUCCESS,GATEWAY_200_OK,SUCCESS,NONE,Transaction completed successfully.,False,,
tx_00000033,cust_000131,merch_0028,1091.79,INR,UPI,RAZORPAY,NA,2026-07-05 21:09:15,0.8202,11,4,12.9,MOBILE_IOS,dev_179874,4.82,"Bengaluru, IN",FINANCIAL_SERVICES,12.99,PARTIAL_MATCH,NOT_CHECKED,SUCCESS,00_SUCCESS,GATEWAY_200_OK,SUCCESS,NONE,Transaction completed successfully.,False,,
tx_00000147,cust_000233,merch_0027,9193.01,INR,NET_BANKING,BILLDESK,NA,2026-06-14 20:14:41,0.7519,10,2,4.6,MOBILE_IOS,dev_891893,18.85,"Chennai, IN",ECOMMERCE,23.52,MATCH,NOT_CHECKED,SUCCESS,00_SUCCESS,GATEWAY_200_OK,SUCCESS,NONE,Transaction completed successfully.,False,,
tx_00000639,cust_000259,merch_0011,710.56,USD,NET_BANKING,RAZORPAY,NA,2026-07-18 12:53:13,0.8486,8,0,36.2,MOBILE_ANDROID,dev_598338,29.51,"Chennai, IN",ECOMMERCE,38.1,MATCH,NOT_CHECKED,SUCCESS,00_SUCCESS,GATEWAY_200_OK,SUCCESS,NONE,Transaction completed successfully.,False,,
tx_00000005,cust_000189,merch_0016,404.15,INR,CREDIT_CARD,ICICI_PG,VISA,2026-07-29 10:30:04,0.827,10,1,26.6,MOBILE_ANDROID,dev_754258,8.91,"Mumbai, IN",GAMING,12.21,PARTIAL_MATCH,MATCH,ATTEMPTED,05_DO_NOT_HONOR,GATEWAY_400_DECLINED,FAILED,BANK_DECLINED,Issuing bank declined transaction without specific reason.,False,0.1811,0.0
tx_00000141,cust_000231,merch_0038,1823.35,INR,CREDIT_CARD,ICICI_PG,VISA,2026-07-16 15:18:03,0.4438,15,7,1.7,MOBILE_IOS,dev_355604,7.97,"New York, US",ECOMMERCE,2.8,MATCH,MATCH,SUCCESS,00_SUCCESS,GATEWAY_200_OK,SUCCESS,NONE,Transaction completed successfully.,False,,
tx_00000948,cust_000214,merch_0031,909.2,INR,CREDIT_CARD,ICICI_PG,MASTERCARD,2026-07-19 01:23:33,0.7862,8,2,7.1,MOBILE_ANDROID,dev_560333,22.78,"Bengaluru, IN",GAMING,24.5,MATCH,MATCH,SUCCESS,00_SUCCESS,GATEWAY_200_OK,SUCCESS,NONE,Transaction completed successfully.,False,,
tx_00000234,cust_000104,merch_0023,7974.72,INR,UPI,RAZORPAY,NA,2026-08-13 23:32:30,0.9224,15,1,0.3,MOBILE_ANDROID,dev_480946,6.86,"Delhi, IN",SAAS,9.48,MATCH,NOT_CHECKED,SUCCESS,00_SUCCESS,GATEWAY_200_OK,SUCCESS,NONE,Transaction completed successfully.,False,,
tx_00000323,cust_000051,merch_0044,2121.45,INR,CREDIT_CARD,RAZORPAY,VISA,2026-08-01 19:14:34,0.8326,12,6,79.4,DESKTOP_WINDOWS,dev_750087,7.62,"Bengaluru, IN",ECOMMERCE,5.95,PARTIAL_MATCH,MATCH,ATTEMPTED,05_DO_NOT_HONOR,GATEWAY_400_DECLINED,FAILED,BANK_DECLINED,Issuing bank declined transaction without specific reason.,False,0.1714,1.0
tx_00000706,cust_000078,merch_0009,1878.42,INR,CREDIT_CARD,RAZORPAY,VISA,2026-08-17 17:47:51,0.4747,10,4,2.2,MOBILE_ANDROID,dev_837311,6.48,"Delhi, IN",GAMING,30.89,MATCH,MATCH,SUCCESS,51_INSUFFICIENT_FUNDS,GATEWAY_400_DECLINED,FAILED,INSUFFICIENT_FUNDS,Customer account balance insufficient at transaction time.,True,0.1899,0.0
tx_00000063,cust_000296,merch_0014,312.21,INR,DEBIT_CARD,HDFC_PG,AMEX,2026-06-08 02:42:51,0.8004,15,1,17.2,DESKTOP_MAC,dev_991622,13.34,"Delhi, IN",ECOMMERCE,14.78,MATCH,MATCH,SUCCESS,00_SUCCESS,GATEWAY_200_OK,SUCCESS,NONE,Transaction completed successfully.,False,,
tx_00000151,cust_000165,merch_0040,870.7,INR,UPI,RAZORPAY,NA,2026-07-13 09:38:31,0.5945,12,7,1.8,MOBILE_IOS,dev_236803,26.29,"Chennai, IN",FINANCIAL_SERVICES,24.14,MATCH,NOT_CHECKED,SUCCESS,91_TIMEOUT,GATEWAY_504_TIMEOUT,FAILED,TEMPORARY_GATEWAY_FAILURE,Transient gateway downtime or rate limit.,True,0.4693,0.0
tx_00000333,cust_000271,merch_0049,416.23,INR,CREDIT_CARD,CASHFREE,MASTERCARD,2026-08-22 11:23:26,0.8247,12,2,0.9,MOBILE_IOS,dev_557884,4.4,"Mumbai, IN",SAAS,39.85,MATCH,MATCH,SUCCESS,00_SUCCESS,GATEWAY_200_OK,SUCCESS,NONE,Transaction completed successfully.,False,,
tx_00000106,cust_000255,merch_0023,1596.27,INR,DEBIT_CARD,HDFC_PG,RUPAY,2026-08-21 22:47:27,0.8599,13,1,9.4,MOBILE_ANDROID,dev_228798,37.76,"Bengaluru, IN",EDTECH,2.36,MATCH,MATCH,SUCCESS,00_SUCCESS,GATEWAY_200_OK,SUCCESS,NONE,Transaction completed successfully.,False,,
tx_00000446,cust_000227,merch_0040,117.14,INR,UPI,HDFC_PG,NA,2026-06-30 21:56:00,0.9028,14,0,8.1,MOBILE_IOS,dev_653690,12.14,"Bengaluru, IN",SAAS,9.74,MATCH,NOT_CHECKED,SUCCESS,91_TIMEOUT,GATEWAY_504_TIMEOUT,FAILED,TEMPORARY_GATEWAY_FAILURE,Transient gateway downtime or rate limit.,True,0.8259,1.0
tx_00000347,cust_000124,merch_0009,4528.34,INR,WALLET,BILLDESK,NA,2026-06-06 11:16:16,0.8462,9,1,7.6,DESKTOP_WINDOWS,dev_746704,9.53,"Bengaluru, IN",SAAS,3.18,MATCH,NOT_CHECKED,SUCCESS,00_SUCCESS,GATEWAY_200_OK,SUCCESS,NONE,Transaction completed successfully.,False,,
tx_00000227,cust_000152,merch_0016,277.89,INR,CREDIT_CARD,RAZORPAY,MASTERCARD,2026-08-11 00:17:46,0.8956,6,0,2.5,MOBILE_ANDROID,dev_532496,34.61,"Bengaluru, IN",EDTECH,18.37,MATCH,MATCH,SUCCESS,00_SUCCESS,GATEWAY_200_OK,SUCCESS,NONE,Transaction completed successfully.,False,,
tx_00000510,cust_000122,merch_0010,398.6,INR,DEBIT_CARD,RAZORPAY,RUPAY,2026-07-26 10:21:57,0.8929,20,1,8.3,MOBILE_ANDROID,dev_805211,23.05,"Mumbai, IN",EDTECH,11.8,MATCH,MATCH,SUCCESS,00_SUCCESS,GATEWAY_200_OK,SUCCESS,NONE,Transaction completed successfully.,False,,
tx_00000458,cust_000013,merch_0028,295.94,INR,CREDIT_CARD,HDFC_PG,VISA,2026-08-06 18:34:48,0.6696,7,1,4.9,MOBILE_ANDROID,dev_853788,5.19,"New York, US",GAMING,11.03,MATCH,MATCH,SUCCESS,00_SUCCESS,GATEWAY_200_OK,SUCCESS,NONE,Transaction completed successfully.,False,,
tx_00000183,cust_000247,merch_0033,626.28,USD,CREDIT_CARD,ICICI_PG,MASTERCARD,2026-07-20 13:37:57,0.9208,14,3,6.1,MOBILE_IOS,dev_206313,18.84,"New York, US",GAMING,7.42,MATCH,MATCH,SUCCESS,00_SUCCESS,GATEWAY_200_OK,SUCCESS,NONE,Transaction completed successfully.,False,,
tx_00000681,cust_000151,merch_0041,521.23,INR,CREDIT_CARD,RAZORPAY,VISA,2026-08-24 02:34:59,0.5796,12,3,11.9,MOBILE_ANDROID,dev_636054,32.28,"Mumbai, IN",SAAS,11.43,MATCH,MATCH,SUCCESS,00_SUCCESS,GATEWAY_200_OK,SUCCESS,NONE,Transaction completed successfully.,False,,
tx_00000211,cust_000263,merch_0037,88.4,EUR,CREDIT_CARD,HDFC_PG,VISA,2026-07-07 01:05:24,0.9787,11,1,26.1,MOBILE_ANDROID,dev_318252,2.78,"Chennai, IN",ECOMMERCE,16.37,MATCH,MATCH,SUCCESS,00_SUCCESS,GATEWAY_200_OK,SUCCESS,NONE,Transaction completed successfully.,False,,
tx_00000559,cust_000014,merch_0004,299.67,INR,UPI,CASHFREE,NA,2026-08-06 19:35:50,0.7515,12,4,11.9,DESKTOP_WINDOWS,dev_176939,18.88,"Mumbai, IN",ECOMMERCE,25.46,MATCH,NOT_CHECKED,SUCCESS,00_SUCCESS,GATEWAY_200_OK,SUCCESS,NONE,Transaction completed successfully.,False,,
tx_00000790,cust_000137,merch_0012,185.47,INR,DEBIT_CARD,RAZORPAY,VISA,2026-06-28 03:07:04,0.5835,16,7,21.2,MOBILE_ANDROID,dev_909697,24.12,"Hyderabad, IN",ECOMMERCE,31.6,MATCH,MATCH,SUCCESS,00_SUCCESS,GATEWAY_200_OK,SUCCESS,NONE,Transaction completed successfully.,False,,
tx_00000693,cust_000122,merch_0046,163.07,INR,UPI,ICICI_PG,NA,2026-06-23 10:14:40,0.8187,14,1,9.3,MOBILE_ANDROID,dev_498994,13.51,"Hyderabad, IN",ECOMMERCE,9.74,MATCH,NOT_CHECKED,SUCCESS,00_SUCCESS,GATEWAY_200_OK,SUCCESS,NONE,Transaction completed successfully.,False,,
tx_00000969,cust_000017,merch_0011,502.85,INR,CREDIT_CARD,RAZORPAY,VISA,2026-06-28 02:04:12,0.8168,15,2,6.5,MOBILE_ANDROID,dev_789968,18.45,"Bengaluru, IN",UTILITIES,23.19,MATCH,MATCH,SUCCESS,00_SUCCESS,GATEWAY_200_OK,SUCCESS,NONE,Transaction completed successfully.,False,,
tx_00000806,cust_000194,merch_0044,2469.44,INR,UPI,RAZORPAY,NA,2026-08-14 18:52:58,0.844,17,1,6.8,DESKTOP_WINDOWS,dev_905761,8.5,"Delhi, IN",ECOMMERCE,20.13,MATCH,NOT_CHECKED,SUCCESS,96_SYSTEM_ERROR,GATEWAY_500_INTERNAL_ERROR,FAILED,NETWORK_ERROR,"Network timeout between merchant, gateway, and bank.",True,0.7216,1.0
tx_00000720,cust_000292,merch_0011,1935.29,USD,CREDIT_CARD,RAZORPAY,AMEX,2026-06-06 23:28:49,0.9384,9,0,15.6,MOBILE_ANDROID,dev_112268,10.76,"Bengaluru, IN",ECOMMERCE,13.55,MATCH,MATCH,SUCCESS,00_SUCCESS,GATEWAY_200_OK,SUCCESS,NONE,Transaction completed successfully.,False,,
tx_00000006,cust_000021,merch_0040,172.18,INR,UPI,RAZORPAY,NA,2026-07-03 13:14:54,0.7875,20,5,41.5,MOBILE_ANDROID,dev_865647,40.52,"London, UK",EDTECH,15.79,MATCH,NOT_CHECKED,SUCCESS,00_SUCCESS,GATEWAY_200_OK,SUCCESS,NONE,Transaction completed successfully.,False,,
tx_00000609,cust_000177,merch_0029,1637.35,INR,UPI,RAZORPAY,NA,2026-08-01 06:08:56,0.8401,8,3,5.2,MOBILE_ANDROID,dev_349336,13.02,"Bengaluru, IN",SAAS,20.14,MATCH,NOT_CHECKED,SUCCESS,00_SUCCESS,GATEWAY_200_OK,SUCCESS,NONE,Transaction completed successfully.,False,,
tx_00000838,cust_000273,merch_0011,195.34,INR,CREDIT_CARD,BILLDESK,RUPAY,2026-07-24 03:49:18,0.8888,14,1,14.6,MOBILE_ANDROID,dev_434481,25.23,"Hyderabad, IN",ECOMMERCE,3.53,MATCH,MATCH,SUCCESS,00_SUCCESS,GATEWAY_200_OK,SUCCESS,NONE,Transaction completed successfully.,False,,
tx_00000449,cust_000036,merch_0027,2775.05,INR,NET_BANKING,RAZORPAY,NA,2026-07-17 05:59:41,0.9122,9,0,2.3,MOBILE_ANDROID,dev_913459,4.88,"Bengaluru, IN",GAMING,3.5,MATCH,NOT_CHECKED,SUCCESS,00_SUCCESS,GATEWAY_200_OK,SUCCESS,NONE,Transaction completed successfully.,False,,
tx_00000399,cust_000246,merch_0047,115.83,INR,DEBIT_CARD,HDFC_PG,MASTERCARD,2026-08-23 15:23:45,0.9089,11,0,10.2,DESKTOP_WINDOWS,dev_690352,14.93,"Bengaluru, IN",ECOMMERCE,7.5,MATCH,MATCH,SUCCESS,00_SUCCESS,GATEWAY_200_OK,SUCCESS,NONE,Transaction completed successfully.,False,,
tx_00000978,cust_000161,merch_0034,196.4,INR,CREDIT_CARD,RAZORPAY,VISA,2026-07-31 02:50:09,0.5069,10,3,11.0,MOBILE_ANDROID,dev_151538,13.12,"Bengaluru, IN",FINANCIAL_SERVICES,28.44,MATCH,MATCH,SUCCESS,00_SUCCESS,GATEWAY_200_OK,SUCCESS,NONE,Transaction completed successfully.,False,,
tx_00000741,cust_000239,merch_0036,191.03,INR,CREDIT_CARD,ICICI_PG,RUPAY,2026-06-25 09:58:49,0.7126,15,4,21.3,MOBILE_IOS,dev_492445,18.3,"Mumbai, IN",EDTECH,5.61,MATCH,MATCH,SUCCESS,00_SUCCESS,GATEWAY_200_OK,SUCCESS,NONE,Transaction completed successfully.,False,,
tx_00000139,cust_000286,merch_0037,949.99,INR,UPI,ICICI_PG,NA,2026-06-29 17:59:55,0.7487,11,2,17.4,MOBILE_ANDROID,dev_230877,23.57,"Mumbai, IN",EDTECH,15.53,MATCH,NOT_CHECKED,FAILED,65_AUTH_FAILED,GATEWAY_401_AUTH_FAILED,FAILED,AUTHENTICATION_FAILURE,3DS / OTP verification failed or timed out.,False,0.2328,1.0
tx_00000282,cust_000181,merch_0045,976.3,INR,UPI,CASHFREE,NA,2026-06-06 21:46:14,0.8745,10,1,13.1,MOBILE_IOS,dev_480031,8.23,"Bengaluru, IN",SAAS,8.18,MATCH,NOT_CHECKED,SUCCESS,96_SYSTEM_ERROR,GATEWAY_500_INTERNAL_ERROR,FAILED,NETWORK_ERROR,"Network timeout between merchant, gateway, and bank.",True,0.7091,1.0
tx_00000366,cust_000096,merch_0008,2779.66,INR,CREDIT_CARD,RAZORPAY,MASTERCARD,2026-06-16 00:24:40,0.8981,14,3,10.2,MOBILE_IOS,dev_438424,29.51,"Bengaluru, IN",ECOMMERCE,45.66,PARTIAL_MATCH,MATCH,SUCCESS,00_SUCCESS,GATEWAY_200_OK,SUCCESS,NONE,Transaction completed successfully.,False,,
tx_00000039,cust_000014,merch_0001,2754.57,INR,UPI,BILLDESK,NA,2026-07-14 19:57:46,0.9301,12,0,64.4,MOBILE_ANDROID,dev_466563,22.92,"Delhi, IN",EDTECH,3.23,MATCH,NOT_CHECKED,SUCCESS,00_SUCCESS,GATEWAY_200_OK,SUCCESS,NONE,Transaction completed successfully.,False,,
tx_00000129,cust_000284,merch_0011,397.66,INR,DEBIT_CARD,ICICI_PG,MASTERCARD,2026-06-22 20:09:42,0.5536,20,7,8.3,MOBILE_IOS,dev_794096,11.89,"London, UK",ECOMMERCE,10.03,MATCH,MATCH,SUCCESS,00_SUCCESS,GATEWAY_200_OK,SUCCESS,NONE,Transaction completed successfully.,False,,
tx_00000646,cust_000255,merch_0018,593.89,USD,CREDIT_CARD,RAZORPAY,AMEX,2026-06-02 16:22:28,0.8148,14,4,15.1,MOBILE_ANDROID,dev_629893,8.51,"Mumbai, IN",SAAS,8.08,MATCH,MATCH,SUCCESS,00_SUCCESS,GATEWAY_200_OK,SUCCESS,NONE,Transaction completed successfully.,False,,
tx_00000081,cust_000081,merch_0047,298.34,INR,UPI,RAZORPAY,NA,2026-07-02 11:53:53,0.7319,13,1,6.4,DESKTOP_MAC,dev_544776,10.17,"Mumbai, IN",SAAS,10.96,MATCH,NOT_CHECKED,SUCCESS,00_SUCCESS,GATEWAY_200_OK,SUCCESS,NONE,Transaction completed successfully.,False,,
tx_00000060,cust_000215,merch_0004,716.44,INR,UPI,HDFC_PG,NA,2026-08-23 12:57:09,0.9459,10,1,3.6,MOBILE_ANDROID,dev_950540,17.59,"Hyderabad, IN",GAMING,33.76,MATCH,NOT_CHECKED,SUCCESS,00_SUCCESS,GATEWAY_200_OK,SUCCESS,NONE,Transaction completed successfully.,False,,
tx_00000680,cust_000249,merch_0033,151.55,INR,UPI,RAZORPAY,NA,2026-06-25 01:32:04,0.8706,6,1,0.8,MOBILE_ANDROID,dev_354628,0.68,"Mumbai, IN",GAMING,6.88,MATCH,NOT_CHECKED,SUCCESS,00_SUCCESS,GATEWAY_200_OK,SUCCESS,NONE,Transaction completed successfully.,False,,
tx_00000613,cust_000006,merch_0046,2197.49,INR,NET_BANKING,HDFC_PG,NA,2026-06-09 18:40:09,0.9277,19,2,6.5,MOBILE_ANDROID,dev_940777,6.9,"Chennai, IN",EDTECH,14.71,MATCH,NOT_CHECKED,SUCCESS,00_SUCCESS,GATEWAY_200_OK,SUCCESS,NONE,Transaction completed successfully.,False,,
tx_00000593,cust_000286,merch_0015,282.2,INR,UPI,HDFC_PG,NA,2026-07-13 01:00:22,0.9197,10,1,2.8,MOBILE_ANDROID,dev_891583,8.1,"Mumbai, IN",GAMING,27.15,MATCH,NOT_CHECKED,SUCCESS,91_TIMEOUT,GATEWAY_504_TIMEOUT,FAILED,TEMPORARY_GATEWAY_FAILURE,Transient gateway downtime or rate limit.,True,0.7881,0.0
tx_00000608,cust_000283,merch_0017,132.67,INR,UPI,RAZORPAY,NA,2026-06-16 18:35:27,0.4404,14,7,5.9,DESKTOP_WINDOWS,dev_351061,6.45,"Bengaluru, IN",ECOMMERCE,15.76,MATCH,NOT_CHECKED,SUCCESS,00_SUCCESS,GATEWAY_200_OK,SUCCESS,NONE,Transaction completed successfully.,False,,
tx_00000112,cust_000063,merch_0009,161.12,INR,UPI,HDFC_PG,NA,2026-08-20 20:53:12,0.8926,6,0,44.5,MOBILE_ANDROID,dev_595025,13.46,"New York, US",GAMING,25.04,MATCH,NOT_CHECKED,SUCCESS,00_SUCCESS,GATEWAY_200_OK,SUCCESS,NONE,Transaction completed successfully.,False,,
tx_00000418,cust_000179,merch_0015,2106.31,INR,UPI,RAZORPAY,NA,2026-07-17 20:50:08,0.8591,14,4,20.0,MOBILE_IOS,dev_858860,42.59,"Bengaluru, IN",ECOMMERCE,5.34,PARTIAL_MATCH,NOT_CHECKED,SUCCESS,00_SUCCESS,GATEWAY_200_OK,SUCCESS,NONE,Transaction completed successfully.,False,,
tx_00000996,cust_000215,merch_0021,1608.19,EUR,CREDIT_CARD,ICICI_PG,RUPAY,2026-05-30 15:31:51,0.9151,7,1,10.2,MOBILE_ANDROID,dev_557099,22.21,"New York, US",UTILITIES,1.24,MATCH,MATCH,SUCCESS,96_SYSTEM_ERROR,GATEWAY_500_INTERNAL_ERROR,FAILED,NETWORK_ERROR,"Network timeout between merchant, gateway, and bank.",True,0.7286,1.0
tx_00000966,cust_000075,merch_0013,3390.69,INR,UPI,RAZORPAY,NA,2026-06-26 03:30:05,0.7574,11,3,1.9,MOBILE_ANDROID,dev_559980,9.8,"Bengaluru, IN",ECOMMERCE,3.59,MATCH,NOT_CHECKED,SUCCESS,00_SUCCESS,GATEWAY_200_OK,SUCCESS,NONE,Transaction completed successfully.,False,,
tx_00000158,cust_000233,merch_0017,1516.64,INR,CREDIT_CARD,RAZORPAY,VISA,2026-06-10 19:07:45,0.4074,14,7,4.6,MOBILE_IOS,dev_446872,18.03,"Chennai, IN",ECOMMERCE,16.95,MATCH,MATCH,SUCCESS,00_SUCCESS,GATEWAY_200_OK,SUCCESS,NONE,Transaction completed successfully.,False,,
tx_00000165,cust_000101,merch_0001,729.32,INR,DEBIT_CARD,RAZORPAY,VISA,2026-07-07 17:20:40,0.4837,14,7,22.3,MOBILE_ANDROID,dev_732206,21.12,"Mumbai, IN",SAAS,11.66,MATCH,MATCH,SUCCESS,00_SUCCESS,GATEWAY_200_OK,SUCCESS,NONE,Transaction completed successfully.,False,,
tx_00000816,cust_000020,merch_0014,787.69,INR,UPI,RAZORPAY,NA,2026-07-10 16:02:23,0.8814,15,2,43.9,MOBILE_ANDROID,dev_779532,29.87,"Chennai, IN",SAAS,23.5,MATCH,NOT_CHECKED,SUCCESS,00_SUCCESS,GATEWAY_200_OK,SUCCESS,NONE,Transaction completed successfully.,False,,
tx_00000250,cust_000128,merch_0010,3672.05,INR,UPI,HDFC_PG,NA,2026-06-26 15:18:36,0.8057,16,1,7.8,MOBILE_ANDROID,dev_446758,9.13,"Bengaluru, IN",EDTECH,16.3,MATCH,NOT_CHECKED,SUCCESS,00_SUCCESS,GATEWAY_200_OK,SUCCESS,NONE,Transaction completed successfully.,False,,
tx_00000482,cust_000151,merch_0031,95.77,INR,UPI,HDFC_PG,NA,2026-08-19 02:14:31,0.784,10,1,3.3,MOBILE_ANDROID,dev_145610,10.02,"Bengaluru, IN",FINANCIAL_SERVICES,10.67,NOT_SUPPORTED,NOT_CHECKED,BYPASSED,99_UNKNOWN,GATEWAY_500_UNKNOWN,FAILED,UNKNOWN_FAILURE,Unclassified or ambiguous error response.,True,0.4211,0.0
tx_00000919,cust_000292,merch_0032,61.86,EUR,UPI,RAZORPAY,NA,2026-07-08 00:00:43,0.596,14,4,11.5,MOBILE_ANDROID,dev_907919,20.48,"Hyderabad, IN",ECOMMERCE,6.94,PARTIAL_MATCH,NOT_CHECKED,SUCCESS,00_SUCCESS,GATEWAY_200_OK,SUCCESS,NONE,Transaction completed successfully.,False,,
tx_00000451,cust_000152,merch_0045,2268.64,INR,UPI,ICICI_PG,NA,2026-07-31 15:31:28,0.638,13,7,2.9,MOBILE_ANDROID,dev_892157,8.6,"Delhi, IN",ECOMMERCE,13.11,PARTIAL_MATCH,NOT_CHECKED,ATTEMPTED,05_DO_NOT_HONOR,GATEWAY_400_DECLINED,FAILED,BANK_DECLINED,Issuing bank declined transaction without specific reason.,False,0.098,1.0
tx_00000483,cust_000144,merch_0018,901.85,INR,DEBIT_CARD,RAZORPAY,MASTERCARD,2026-07-26 04:54:46,0.8297,12,5,29.2,DESKTOP_WINDOWS,dev_635221,19.97,"London, UK",SAAS,13.99,PARTIAL_MATCH,MATCH,ATTEMPTED,05_DO_NOT_HONOR,GATEWAY_400_DECLINED,FAILED,BANK_DECLINED,Issuing bank declined transaction without specific reason.,False,0.0829,0.0
tx_00000390,cust_000218,merch_0050,943.13,INR,UPI,RAZORPAY,NA,2026-06-05 20:22:00,0.8044,11,3,11.5,MOBILE_ANDROID,dev_839368,13.81,"Mumbai, IN",GAMING,5.1,MATCH,NOT_CHECKED,SUCCESS,00_SUCCESS,GATEWAY_200_OK,SUCCESS,NONE,Transaction completed successfully.,False,,
tx_00000581,cust_000145,merch_0029,342.59,INR,CREDIT_CARD,RAZORPAY,VISA,2026-07-18 11:21:08,0.9052,10,2,10.3,DESKTOP_MAC,dev_748675,30.73,"Mumbai, IN",EDTECH,30.72,MATCH,MATCH,SUCCESS,00_SUCCESS,GATEWAY_200_OK,SUCCESS,NONE,Transaction completed successfully.,False,,
tx_00000984,cust_000156,merch_0045,5974.14,INR,CREDIT_CARD,RAZORPAY,VISA,2026-08-03 15:10:59,0.8548,10,2,17.7,DESKTOP_MAC,dev_997803,36.83,"Delhi, IN",GAMING,13.68,MATCH,MATCH,SUCCESS,00_SUCCESS,GATEWAY_200_OK,SUCCESS,NONE,Transaction completed successfully.,False,,
tx_00000038,cust_000089,merch_0008,51.57,INR,NET_BANKING,ICICI_PG,NA,2026-08-06 05:32:02,0.802,12,2,36.7,MOBILE_ANDROID,dev_216242,5.34,"Delhi, IN",FINANCIAL_SERVICES,22.88,MATCH,NOT_CHECKED,SUCCESS,96_SYSTEM_ERROR,GATEWAY_500_INTERNAL_ERROR,FAILED,NETWORK_ERROR,"Network timeout between merchant, gateway, and bank.",True,0.7271,0.0
tx_00000986,cust_000084,merch_0001,365.21,USD,DEBIT_CARD,HDFC_PG,VISA,2026-07-04 19:38:47,0.9498,7,1,3.7,DESKTOP_MAC,dev_174648,22.35,"Delhi, IN",SAAS,29.55,MATCH,MATCH,SUCCESS,00_SUCCESS,GATEWAY_200_OK,SUCCESS,NONE,Transaction completed successfully.,False,,
tx_00000854,cust_000286,merch_0012,592.52,INR,UPI,CASHFREE,NA,2026-07-19 17:59:18,0.5683,8,4,10.4,DESKTOP_WINDOWS,dev_921186,2.07,"Bengaluru, IN",ECOMMERCE,8.98,MATCH,NOT_CHECKED,SUCCESS,00_SUCCESS,GATEWAY_200_OK,SUCCESS,NONE,Transaction completed successfully.,False,,
tx_00000505,cust_000174,merch_0048,2133.9,INR,UPI,HDFC_PG,NA,2026-07-02 10:44:35,0.7164,12,2,16.9,MOBILE_ANDROID,dev_580688,26.89,"Chennai, IN",ECOMMERCE,21.87,MATCH,NOT_CHECKED,SUCCESS,00_SUCCESS,GATEWAY_200_OK,SUCCESS,NONE,Transaction completed successfully.,False,,
tx_00000727,cust_000127,merch_0003,132.72,INR,UPI,RAZORPAY,NA,2026-07-04 02:57:26,0.7652,5,2,5.1,MOBILE_ANDROID,dev_916928,5.82,"Mumbai, IN",SAAS,5.83,MATCH,NOT_CHECKED,SUCCESS,00_SUCCESS,GATEWAY_200_OK,SUCCESS,NONE,Transaction completed successfully.,False,,
tx_00000356,cust_000229,merch_0006,1132.16,INR,UPI,ICICI_PG,NA,2026-07-20 13:39:27,0.6785,10,2,21.3,MOBILE_ANDROID,dev_757782,17.56,"Bengaluru, IN",SAAS,8.49,MATCH,NOT_CHECKED,SUCCESS,00_SUCCESS,GATEWAY_200_OK,SUCCESS,NONE,Transaction completed successfully.,False,,
tx_00000845,cust_000137,merch_0010,1143.4,INR,DEBIT_CARD,RAZORPAY,RUPAY,2026-06-09 08:22:57,0.7834,12,2,12.4,MOBILE_ANDROID,dev_656267,6.53,"Chennai, IN",UTILITIES,12.16,MATCH,MATCH,SUCCESS,91_TIMEOUT,GATEWAY_504_TIMEOUT,FAILED,TEMPORARY_GATEWAY_FAILURE,Transient gateway downtime or rate limit.,True,0.7266,1.0
tx_00000331,cust_000180,merch_0001,102.55,INR,NET_BANKING,RAZORPAY,NA,2026-07-17 02:57:46,0.7538,15,3,2.3,DESKTOP_WINDOWS,dev_168737,14.06,"Mumbai, IN",ECOMMERCE,16.86,MATCH,NOT_CHECKED,SUCCESS,00_SUCCESS,GATEWAY_200_OK,SUCCESS,NONE,Transaction completed successfully.,False,,
tx_00000528,cust_000039,merch_0012,983.63,USD,UPI,CASHFREE,NA,2026-07-27 07:22:42,0.7408,13,2,1.2,MOBILE_ANDROID,dev_367308,17.0,"Delhi, IN",ECOMMERCE,8.73,MATCH,NOT_CHECKED,SUCCESS,00_SUCCESS,GATEWAY_200_OK,SUCCESS,NONE,Transaction completed successfully.,False,,
tx_00000252,cust_000176,merch_0007,268.03,INR,UPI,CASHFREE,NA,2026-08-08 07:56:09,0.6228,12,4,3.8,MOBILE_IOS,dev_792908,12.39,"Hyderabad, IN",ECOMMERCE,29.06,MATCH,NOT_CHECKED,SUCCESS,00_SUCCESS,GATEWAY_200_OK,SUCCESS,NONE,Transaction completed successfully.,False,,
tx_00000563,cust_000259,merch_0041,67.41,INR,UPI,CASHFREE,NA,2026-06-08 14:01:34,0.9488,10,2,10.7,MOBILE_ANDROID,dev_182901,12.78,"Delhi, IN",ECOMMERCE,39.51,PARTIAL_MATCH,NOT_CHECKED,SUCCESS,00_SUCCESS,GATEWAY_200_OK,SUCCESS,NONE,Transaction completed successfully.,False,,
tx_00000511,cust_000194,merch_0041,781.48,INR,CREDIT_CARD,HDFC_PG,MASTERCARD,2026-08-03 03:31:50,0.7386,4,1,0.9,MOBILE_IOS,dev_536077,11.59,"Bengaluru, IN",SAAS,7.99,MATCH,MATCH,SUCCESS,00_SUCCESS,GATEWAY_200_OK,SUCCESS,NONE,Transaction completed successfully.,False,,
tx_00000603,cust_000177,merch_0016,3149.48,INR,UPI,HDFC_PG,NA,2026-07-19 04:20:05,0.759,6,3,19.3,MOBILE_ANDROID,dev_329975,5.77,"London, UK",GAMING,19.73,MATCH,NOT_CHECKED,SUCCESS,00_SUCCESS,GATEWAY_200_OK,SUCCESS,NONE,Transaction completed successfully.,False,,
tx_00000690,cust_000093,merch_0038,5883.62,INR,CREDIT_CARD,RAZORPAY,MASTERCARD,2026-08-21 10:10:50,0.8061,15,5,24.9,MOBILE_ANDROID,dev_134533,5.49,"Mumbai, IN",FINANCIAL_SERVICES,19.67,NOT_SUPPORTED,NOT_CHECKED,BYPASSED,99_UNKNOWN,GATEWAY_500_UNKNOWN,FAILED,UNKNOWN_FAILURE,Unclassified or ambiguous error response.,True,0.3151,0.0
tx_00000663,cust_000051,merch_0017,1226.56,INR,CREDIT_CARD,ICICI_PG,VISA,2026-08-13 07:24:50,0.667,10,3,11.5,MOBILE_ANDROID,dev_108434,14.79,"Bengaluru, IN",FINANCIAL_SERVICES,9.37,MATCH,MATCH,SUCCESS,00_SUCCESS,GATEWAY_200_OK,SUCCESS,NONE,Transaction completed successfully.,False,,
tx_00000022,cust_000236,merch_0029,481.69,INR,DEBIT_CARD,RAZORPAY,VISA,2026-07-21 08:21:48,0.7218,4,3,35.6,DESKTOP_MAC,dev_875348,16.96,"Bengaluru, IN",SAAS,33.67,MATCH,MATCH,SUCCESS,00_SUCCESS,GATEWAY_200_OK,SUCCESS,NONE,Transaction completed successfully.,False,,
tx_00000514,cust_000165,merch_0028,353.11,INR,CREDIT_CARD,RAZORPAY,MASTERCARD,2026-06-18 12:51:11,0.8928,12,1,26.5,MOBILE_IOS,dev_932792,6.32,"Delhi, IN",ECOMMERCE,11.5,MATCH,MATCH,SUCCESS,00_SUCCESS,GATEWAY_200_OK,SUCCESS,NONE,Transaction completed successfully.,False,,
tx_00000587,cust_000035,merch_0006,279.06,INR,NET_BANKING,RAZORPAY,NA,2026-07-24 23:49:29,0.8573,13,1,23.7,MOBILE_ANDROID,dev_141999,8.94,"Mumbai, IN",EDTECH,5.14,PARTIAL_MATCH,NOT_CHECKED,SUCCESS,00_SUCCESS,GATEWAY_200_OK,SUCCESS,NONE,Transaction completed successfully.,False,,
tx_00000028,cust_000190,merch_0019,1792.74,USD,UPI,RAZORPAY,NA,2026-06-07 02:02:30,0.6674,15,0,14.3,MOBILE_IOS,dev_562745,12.3,"London, UK",FINANCIAL_SERVICES,38.29,MATCH,NOT_CHECKED,SUCCESS,96_SYSTEM_ERROR,GATEWAY_500_INTERNAL_ERROR,FAILED,NETWORK_ERROR,"Network timeout between merchant, gateway, and bank.",True,0.5699,0.0
tx_00000644,cust_000251,merch_0018,302.28,INR,CREDIT_CARD,HDFC_PG,MASTERCARD,2026-07-10 05:22:20,0.733,11,3,4.5,MOBILE_ANDROID,dev_130158,9.27,"Mumbai, IN",ECOMMERCE,12.16,MATCH,MATCH,SUCCESS,00_SUCCESS,GATEWAY_200_OK,SUCCESS,NONE,Transaction completed successfully.,False,,
tx_00000875,cust_000143,merch_0002,1078.72,INR,NET_BANKING,RAZORPAY,NA,2026-07-10 01:08:21,0.4956,17,9,25.8,MOBILE_ANDROID,dev_907977,15.98,"Mumbai, IN",SAAS,5.68,MATCH,NOT_CHECKED,SUCCESS,00_SUCCESS,GATEWAY_200_OK,SUCCESS,NONE,Transaction completed successfully.,False,,
tx_00000745,cust_000015,merch_0032,633.78,INR,UPI,RAZORPAY,NA,2026-06-05 01:57:55,0.9,10,2,5.9,MOBILE_ANDROID,dev_109764,9.63,"Chennai, IN",SAAS,30.05,MATCH,NOT_CHECKED,SUCCESS,00_SUCCESS,GATEWAY_200_OK,SUCCESS,NONE,Transaction completed successfully.,False,,
tx_00000836,cust_000084,merch_0047,1435.33,EUR,DEBIT_CARD,BILLDESK,MASTERCARD,2026-05-26 18:30:01,0.9448,10,1,5.7,MOBILE_ANDROID,dev_388394,40.93,"Bengaluru, IN",EDTECH,7.33,PARTIAL_MATCH,MATCH,ATTEMPTED,05_DO_NOT_HONOR,GATEWAY_400_DECLINED,FAILED,BANK_DECLINED,Issuing bank declined transaction without specific reason.,False,0.2613,0.0
tx_00000360,cust_000129,merch_0011,814.21,INR,UPI,RAZORPAY,NA,2026-06-27 03:52:05,0.7906,14,0,39.7,MOBILE_ANDROID,dev_113790,24.59,"Chennai, IN",ECOMMERCE,11.27,PARTIAL_MATCH,NOT_CHECKED,ATTEMPTED,05_DO_NOT_HONOR,GATEWAY_400_DECLINED,FAILED,BANK_DECLINED,Issuing bank declined transaction without specific reason.,False,0.202,0.0
tx_00000421,cust_000065,merch_0005,549.84,INR,UPI,RAZORPAY,NA,2026-08-14 22:50:28,0.8318,6,3,6.4,MOBILE_ANDROID,dev_107322,5.0,"Mumbai, IN",FINANCIAL_SERVICES,10.14,MATCH,NOT_CHECKED,SUCCESS,00_SUCCESS,GATEWAY_200_OK,SUCCESS,NONE,Transaction completed successfully.,False,,
tx_00000917,cust_000115,merch_0008,75.96,INR,DEBIT_CARD,BILLDESK,VISA,2026-06-20 22:24:29,0.4918,10,5,8.4,MOBILE_ANDROID,dev_427670,28.62,"Mumbai, IN",UTILITIES,7.76,MATCH,MATCH,SUCCESS,96_SYSTEM_ERROR,GATEWAY_500_INTERNAL_ERROR,FAILED,NETWORK_ERROR,"Network timeout between merchant, gateway, and bank.",True,0.4019,0.0
tx_00000998,cust_000032,merch_0029,449.37,USD,UPI,RAZORPAY,NA,2026-06-04 03:23:58,0.8097,13,3,0.6,MOBILE_ANDROID,dev_375483,16.25,"Bengaluru, IN",EDTECH,24.26,PARTIAL_MATCH,NOT_CHECKED,ATTEMPTED,05_DO_NOT_HONOR,GATEWAY_400_DECLINED,FAILED,BANK_DECLINED,Issuing bank declined transaction without specific reason.,False,0.1341,0.0
tx_00000137,cust_000108,merch_0034,670.72,INR,UPI,RAZORPAY,NA,2026-07-13 16:30:04,0.9301,14,0,11.8,MOBILE_ANDROID,dev_222140,18.89,"Mumbai, IN",ECOMMERCE,3.76,MATCH,NOT_CHECKED,SUCCESS,51_INSUFFICIENT_FUNDS,GATEWAY_400_DECLINED,FAILED,INSUFFICIENT_FUNDS,Customer account balance insufficient at transaction time.,True,0.6915,1.0
tx_00000007,cust_000103,merch_0019,861.15,INR,CREDIT_CARD,CASHFREE,VISA,2026-08-18 13:40:22,0.8623,12,3,6.3,MOBILE_IOS,dev_106586,20.7,"Mumbai, IN",SAAS,6.15,MATCH,MATCH,ATTEMPTED,54_EXPIRED_CARD,GATEWAY_400_BAD_REQUEST,FAILED,EXPIRED_CARD,Card expiry date has passed.,False,0.0386,0.0
tx_00000912,cust_000157,merch_0042,333.31,INR,UPI,HDFC_PG,NA,2026-08-12 07:29:43,0.9171,9,0,17.7,DESKTOP_WINDOWS,dev_283707,5.83,"Bengaluru, IN",UTILITIES,16.71,MATCH,NOT_CHECKED,SUCCESS,00_SUCCESS,GATEWAY_200_OK,SUCCESS,NONE,Transaction completed successfully.,False,,
tx_00000497,cust_000146,merch_0041,8148.53,INR,UPI,RAZORPAY,NA,2026-08-07 13:47:36,0.8253,9,1,17.4,MOBILE_IOS,dev_848658,12.01,"New York, US",GAMING,3.85,MATCH,NOT_CHECKED,SUCCESS,96_SYSTEM_ERROR,GATEWAY_500_INTERNAL_ERROR,FAILED,NETWORK_ERROR,"Network timeout between merchant, gateway, and bank.",True,0.6746,1.0
tx_00000217,cust_000254,merch_0012,416.09,INR,UPI,ICICI_PG,NA,2026-07-21 07:17:11,0.7329,16,3,6.5,DESKTOP_WINDOWS,dev_719074,14.83,"Mumbai, IN",GAMING,19.81,MATCH,NOT_CHECKED,SUCCESS,00_SUCCESS,GATEWAY_200_OK,SUCCESS,NONE,Transaction completed successfully.,False,,
tx_00000638,cust_000118,merch_0008,560.49,INR,UPI,BILLDESK,NA,2026-07-24 15:01:29,0.7815,11,2,16.6,MOBILE_ANDROID,dev_655289,3.11,"Hyderabad, IN",ECOMMERCE,15.24,MATCH,NOT_CHECKED,SUCCESS,00_SUCCESS,GATEWAY_200_OK,SUCCESS,NONE,Transaction completed successfully.,False,,
tx_00000522,cust_000275,merch_0032,512.71,INR,UPI,RAZORPAY,NA,2026-06-05 11:30:07,0.7537,15,4,2.0,DESKTOP_WINDOWS,dev_993359,34.19,"Mumbai, IN",GAMING,3.59,MATCH,NOT_CHECKED,SUCCESS,00_SUCCESS,GATEWAY_200_OK,SUCCESS,NONE,Transaction completed successfully.,False,,
tx_00000334,cust_000054,merch_0003,828.93,INR,UPI,RAZORPAY,NA,2026-07-15 12:42:57,0.3135,18,11,1.2,MOBILE_IOS,dev_913480,24.87,"Delhi, IN",SAAS,3.68,MATCH,NOT_CHECKED,SUCCESS,00_SUCCESS,GATEWAY_200_OK,SUCCESS,NONE,Transaction completed successfully.,False,,
tx_00000564,cust_000144,merch_0039,344.44,USD,UPI,HDFC_PG,NA,2026-08-03 18:07:52,0.7097,4,2,0.5,MOBILE_ANDROID,dev_737288,22.07,"Mumbai, IN",ECOMMERCE,31.84,MATCH,NOT_CHECKED,SUCCESS,00_SUCCESS,GATEWAY_200_OK,SUCCESS,NONE,Transaction completed successfully.,False,,
tx_00000191,cust_000198,merch_0045,850.31,INR,UPI,ICICI_PG,NA,2026-06-08 18:30:58,0.7628,11,4,25.5,MOBILE_ANDROID,dev_818513,3.82,"Bengaluru, IN",ECOMMERCE,25.62,MATCH,NOT_CHECKED,SUCCESS,51_INSUFFICIENT_FUNDS,GATEWAY_400_DECLINED,FAILED,INSUFFICIENT_FUNDS,Customer account balance insufficient at transaction time.,True,0.3714,0.0
tx_00000281,cust_000280,merch_0044,1026.71,INR,UPI,HDFC_PG,NA,2026-08-09 02:25:07,0.9083,13,1,4.4,MOBILE_IOS,dev_178342,17.32,"Delhi, IN",ECOMMERCE,12.4,MATCH,NOT_CHECKED,SUCCESS,00_SUCCESS,GATEWAY_200_OK,SUCCESS,NONE,Transaction completed successfully.,False,,
tx_00000625,cust_000001,merch_0030,172.38,INR,UPI,HDFC_PG,NA,2026-07-23 08:21:26,0.8879,14,2,0.2,MOBILE_ANDROID,dev_706049,4.08,"Mumbai, IN",ECOMMERCE,4.35,PARTIAL_MATCH,NOT_CHECKED,ATTEMPTED,05_DO_NOT_HONOR,GATEWAY_400_DECLINED,FAILED,BANK_DECLINED,Issuing bank declined transaction without specific reason.,False,0.3583,1.0
tx_00000016,cust_000294,merch_0050,2228.53,INR,UPI,HDFC_PG,NA,2026-07-28 00:18:24,0.4769,16,8,27.2,MOBILE_ANDROID,dev_312151,25.44,"Bengaluru, IN",ECOMMERCE,45.55,MATCH,NOT_CHECKED,SUCCESS,00_SUCCESS,GATEWAY_200_OK,SUCCESS,NONE,Transaction completed successfully.,False,,
tx_00000579,cust_000228,merch_0044,582.34,INR,UPI,ICICI_PG,NA,2026-07-31 19:23:17,0.6322,9,4,1.2,MOBILE_ANDROID,dev_992485,33.39,"Mumbai, IN",FINANCIAL_SERVICES,33.51,MATCH,NOT_CHECKED,SUCCESS,00_SUCCESS,GATEWAY_200_OK,SUCCESS,NONE,Transaction completed successfully.,False,,
tx_00000417,cust_000033,merch_0009,150.45,EUR,WALLET,HDFC_PG,NA,2026-06-06 12:37:23,0.7531,11,2,4.3,MOBILE_ANDROID,dev_836589,1.39,"Mumbai, IN",UTILITIES,8.18,MATCH,NOT_CHECKED,SUCCESS,00_SUCCESS,GATEWAY_200_OK,SUCCESS,NONE,Transaction completed successfully.,False,,
tx_00000721,cust_000257,merch_0020,137.34,INR,UPI,RAZORPAY,NA,2026-08-05 02:13:05,0.7366,17,4,8.7,MOBILE_ANDROID,dev_241916,17.6,"Mumbai, IN",FINANCIAL_SERVICES,19.92,MATCH,NOT_CHECKED,SUCCESS,91_TIMEOUT,GATEWAY_504_TIMEOUT,FAILED,TEMPORARY_GATEWAY_FAILURE,Transient gateway downtime or rate limit.,True,0.6937,0.0
tx_00000121,cust_000171,merch_0046,855.68,USD,DEBIT_CARD,HDFC_PG,AMEX,2026-07-01 00:58:49,0.8321,11,4,25.2,MOBILE_ANDROID,dev_777776,37.52,"Chennai, IN",ECOMMERCE,15.71,MATCH,MATCH,SUCCESS,00_SUCCESS,GATEWAY_200_OK,SUCCESS,NONE,Transaction completed successfully.,False,,
tx_00000304,cust_000273,merch_0044,445.53,INR,UPI,ICICI_PG,NA,2026-05-27 00:20:16,0.7546,11,3,0.8,DESKTOP_WINDOWS,dev_183394,25.15,"Mumbai, IN",ECOMMERCE,10.47,MATCH,NOT_CHECKED,SUCCESS,00_SUCCESS,GATEWAY_200_OK,SUCCESS,NONE,Transaction completed successfully.,False,,
tx_00000493,cust_000163,merch_0013,242.89,INR,CREDIT_CARD,RAZORPAY,MASTERCARD,2026-07-02 19:21:01,0.7685,12,2,30.5,DESKTOP_MAC,dev_931872,9.08,"Mumbai, IN",EDTECH,6.1,MATCH,MATCH,SUCCESS,00_SUCCESS,GATEWAY_200_OK,SUCCESS,NONE,Transaction completed successfully.,False,,
tx_00000798,cust_000006,merch_0035,409.34,INR,DEBIT_CARD,HDFC_PG,VISA,2026-08-01 19:17:12,0.6715,9,4,21.1,MOBILE_ANDROID,dev_540875,26.22,"Delhi, IN",ECOMMERCE,21.08,MATCH,MATCH,SUCCESS,00_SUCCESS,GATEWAY_200_OK,SUCCESS,NONE,Transaction completed successfully.,False,,
tx_00000271,cust_000049,merch_0039,1041.7,INR,UPI,RAZORPAY,NA,2026-06-13 04:20:59,0.5194,12,7,3.6,MOBILE_IOS,dev_139906,9.13,"Bengaluru, IN",SAAS,5.8,MATCH,NOT_CHECKED,SUCCESS,00_SUCCESS,GATEWAY_200_OK,SUCCESS,NONE,Transaction completed successfully.,False,,
tx_00000300,cust_000288,merch_0033,420.27,INR,WALLET,BILLDESK,NA,2026-07-13 07:42:44,0.433,8,4,0.1,MOBILE_ANDROID,dev_793180,29.32,"Bengaluru, IN",ECOMMERCE,25.55,MATCH,NOT_CHECKED,SUCCESS,00_SUCCESS,GATEWAY_200_OK,SUCCESS,NONE,Transaction completed successfully.,False,,
tx_00000123,cust_000036,merch_0026,1072.63,INR,UPI,RAZORPAY,NA,2026-07-28 14:52:05,0.7898,13,3,17.3,DESKTOP_WINDOWS,dev_530703,13.11,"Delhi, IN",SAAS,6.93,MATCH,NOT_CHECKED,SUCCESS,00_SUCCESS,GATEWAY_200_OK,SUCCESS,NONE,Transaction completed successfully.,False,,
tx_00000124,cust_000013,merch_0029,491.48,INR,CREDIT_CARD,ICICI_PG,VISA,2026-06-07 11:24:26,0.5729,5,2,0.9,MOBILE_ANDROID,dev_730340,25.85,"Delhi, IN",ECOMMERCE,9.67,MATCH,MATCH,SUCCESS,00_SUCCESS,GATEWAY_200_OK,SUCCESS,NONE,Transaction completed successfully.,False,,
tx_00000017,cust_000192,merch_0030,122.42,INR,DEBIT_CARD,BILLDESK,VISA,2026-08-10 07:27:07,0.8096,11,0,11.1,MOBILE_ANDROID,dev_584715,26.81,"Bengaluru, IN",GAMING,22.69,MATCH,MATCH,SUCCESS,00_SUCCESS,GATEWAY_200_OK,SUCCESS,NONE,Transaction completed successfully.,False,,
tx_00000536,cust_000148,merch_0050,157.29,INR,UPI,CASHFREE,NA,2026-07-23 11:06:29,0.5524,14,8,14.7,MOBILE_ANDROID,dev_450804,2.45,"Mumbai, IN",SAAS,21.64,MATCH,NOT_CHECKED,SUCCESS,00_SUCCESS,GATEWAY_200_OK,SUCCESS,NONE,Transaction completed successfully.,False,,
tx_00000058,cust_000270,merch_0043,1397.54,INR,UPI,HDFC_PG,NA,2026-06-02 13:39:04,0.6685,9,2,4.4,MOBILE_ANDROID,dev_570028,15.22,"Chennai, IN",EDTECH,14.43,PARTIAL_MATCH,NOT_CHECKED,SUCCESS,00_SUCCESS,GATEWAY_200_OK,SUCCESS,NONE,Transaction completed successfully.,False,,
tx_00000014,cust_000150,merch_0028,372.89,INR,NET_BANKING,RAZORPAY,NA,2026-08-13 01:36:26,0.658,7,5,22.0,MOBILE_ANDROID,dev_198525,3.32,"Mumbai, IN",ECOMMERCE,20.33,MATCH,NOT_CHECKED,SUCCESS,00_SUCCESS,GATEWAY_200_OK,SUCCESS,NONE,Transaction completed successfully.,False,,
tx_00000339,cust_000108,merch_0004,122.37,INR,UPI,CASHFREE,NA,2026-08-22 21:03:03,0.8981,8,2,44.2,MOBILE_ANDROID,dev_703805,22.42,"Delhi, IN",ECOMMERCE,17.95,MATCH,NOT_CHECKED,SUCCESS,00_SUCCESS,GATEWAY_200_OK,SUCCESS,NONE,Transaction completed successfully.,False,,
tx_00000967,cust_000294,merch_0031,1202.57,INR,CREDIT_CARD,ICICI_PG,RUPAY,2026-07-19 08:07:32,0.9089,8,2,2.0,MOBILE_IOS,dev_733194,20.9,"Mumbai, IN",SAAS,18.6,MATCH,MATCH,SUCCESS,96_SYSTEM_ERROR,GATEWAY_500_INTERNAL_ERROR,FAILED,NETWORK_ERROR,"Network timeout between merchant, gateway, and bank.",True,0.6214,1.0
tx_00000171,cust_000130,merch_0040,745.02,INR,UPI,HDFC_PG,NA,2026-07-14 16:43:10,0.478,9,4,20.9,MOBILE_ANDROID,dev_560957,19.97,"Bengaluru, IN",SAAS,23.32,NOT_SUPPORTED,NOT_CHECKED,BYPASSED,99_UNKNOWN,GATEWAY_500_UNKNOWN,FAILED,UNKNOWN_FAILURE,Unclassified or ambiguous error response.,True,0.2107,0.0
tx_00000695,cust_000277,merch_0015,688.25,INR,CREDIT_CARD,RAZORPAY,RUPAY,2026-06-22 16:04:02,0.8764,11,2,20.8,MOBILE_ANDROID,dev_484562,5.55,"Hyderabad, IN",GAMING,7.0,MATCH,MATCH,SUCCESS,00_SUCCESS,GATEWAY_200_OK,SUCCESS,NONE,Transaction completed successfully.,False,,
tx_00000553,cust_000164,merch_0023,472.53,INR,UPI,HDFC_PG,NA,2026-07-10 01:45:45,0.8647,9,2,8.4,MOBILE_ANDROID,dev_718211,19.84,"Chennai, IN",ECOMMERCE,17.32,PARTIAL_MATCH,NOT_CHECKED,SUCCESS,00_SUCCESS,GATEWAY_200_OK,SUCCESS,NONE,Transaction completed successfully.,False,,
tx_00000444,cust_000164,merch_0029,505.48,INR,CREDIT_CARD,RAZORPAY,MASTERCARD,2026-06-13 11:12:48,0.6618,17,4,10.9,DESKTOP_MAC,dev_543683,2.78,"Bengaluru, IN",SAAS,8.79,MATCH,MATCH,SUCCESS,00_SUCCESS,GATEWAY_200_OK,SUCCESS,NONE,Transaction completed successfully.,False,,
tx_00000916,cust_000095,merch_0001,120.28,INR,DEBIT_CARD,ICICI_PG,VISA,2026-08-04 11:04:39,0.9711,22,0,3.0,DESKTOP_WINDOWS,dev_149934,2.06,"Hyderabad, IN",FINANCIAL_SERVICES,18.48,MATCH,MATCH,SUCCESS,00_SUCCESS,GATEWAY_200_OK,SUCCESS,NONE,Transaction completed successfully.,False,,
tx_00000846,cust_000076,merch_0012,2176.08,INR,CREDIT_CARD,RAZORPAY,VISA,2026-06-19 06:50:56,0.8292,7,3,15.2,MOBILE_IOS,dev_669335,14.62,"Mumbai, IN",FINANCIAL_SERVICES,40.15,MATCH,MATCH,SUCCESS,00_SUCCESS,GATEWAY_200_OK,SUCCESS,NONE,Transaction completed successfully.,False,,
tx_00000412,cust_000258,merch_0003,34.66,INR,DEBIT_CARD,RAZORPAY,MASTERCARD,2026-07-14 20:39:30,0.7157,15,3,7.0,MOBILE_ANDROID,dev_880207,3.22,"Delhi, IN",SAAS,10.08,MATCH,MATCH,SUCCESS,00_SUCCESS,GATEWAY_200_OK,SUCCESS,NONE,Transaction completed successfully.,False,,
tx_00000575,cust_000178,merch_0011,607.59,INR,CREDIT_CARD,CASHFREE,VISA,2026-08-13 01:17:19,0.8067,11,4,5.3,MOBILE_ANDROID,dev_807254,5.01,"Bengaluru, IN",GAMING,3.39,MATCH,MATCH,SUCCESS,91_TIMEOUT,GATEWAY_504_TIMEOUT,FAILED,TEMPORARY_GATEWAY_FAILURE,Transient gateway downtime or rate limit.,True,0.7094,1.0
tx_00000502,cust_000253,merch_0024,409.73,INR,DEBIT_CARD,RAZORPAY,MASTERCARD,2026-07-08 19:05:43,0.8943,8,1,23.2,MOBILE_ANDROID,dev_652845,15.68,"Bengaluru, IN",EDTECH,13.77,MATCH,MATCH,SUCCESS,00_SUCCESS,GATEWAY_200_OK,SUCCESS,NONE,Transaction completed successfully.,False,,
tx_00000311,cust_000247,merch_0013,763.97,EUR,DEBIT_CARD,RAZORPAY,MASTERCARD,2026-05-28 23:59:01,0.7513,10,3,5.8,MOBILE_ANDROID,dev_476304,6.98,"Mumbai, IN",ECOMMERCE,6.65,MATCH,MATCH,SUCCESS,91_TIMEOUT,GATEWAY_504_TIMEOUT,FAILED,TEMPORARY_GATEWAY_FAILURE,Transient gateway downtime or rate limit.,True,0.7476,1.0
tx_00000852,cust_000229,merch_0008,294.18,INR,CREDIT_CARD,RAZORPAY,RUPAY,2026-07-14 10:45:54,0.7164,11,2,6.7,MOBILE_IOS,dev_938915,15.76,"Bengaluru, IN",FINANCIAL_SERVICES,10.94,MATCH,MATCH,SUCCESS,00_SUCCESS,GATEWAY_200_OK,SUCCESS,NONE,Transaction completed successfully.,False,,
tx_00000429,cust_000242,merch_0048,1194.78,INR,UPI,ICICI_PG,NA,2026-08-08 07:12:02,0.663,16,7,0.1,MOBILE_ANDROID,dev_520722,15.2,"Bengaluru, IN",GAMING,16.1,MATCH,NOT_CHECKED,SUCCESS,00_SUCCESS,GATEWAY_200_OK,SUCCESS,NONE,Transaction completed successfully.,False,,
tx_00000928,cust_000134,merch_0043,126.15,INR,CREDIT_CARD,RAZORPAY,MASTERCARD,2026-06-05 11:28:40,0.9658,11,0,1.9,DESKTOP_WINDOWS,dev_182299,31.97,"Bengaluru, IN",ECOMMERCE,15.3,MATCH,MATCH,SUCCESS,00_SUCCESS,GATEWAY_200_OK,SUCCESS,NONE,Transaction completed successfully.,False,,
tx_00000215,cust_000060,merch_0038,478.41,INR,DEBIT_CARD,BILLDESK,VISA,2026-08-02 18:20:47,0.862,17,1,4.3,DESKTOP_WINDOWS,dev_737606,1.04,"Mumbai, IN",SAAS,16.13,MATCH,MATCH,SUCCESS,91_TIMEOUT,GATEWAY_504_TIMEOUT,FAILED,TEMPORARY_GATEWAY_FAILURE,Transient gateway downtime or rate limit.,True,0.8373,1.0
tx_00000427,cust_000095,merch_0008,130.07,USD,CREDIT_CARD,ICICI_PG,VISA,2026-08-10 00:01:26,0.9452,14,2,45.5,DESKTOP_MAC,dev_165265,9.69,"Delhi, IN",ECOMMERCE,20.87,MATCH,MATCH,SUCCESS,00_SUCCESS,GATEWAY_200_OK,SUCCESS,NONE,Transaction completed successfully.,False,,
tx_00000763,cust_000233,merch_0012,363.36,INR,CREDIT_CARD,RAZORPAY,AMEX,2026-07-26 11:00:11,0.7914,9,2,15.1,MOBILE_ANDROID,dev_738450,21.83,"Bengaluru, IN",EDTECH,11.23,MATCH,MATCH,SUCCESS,00_SUCCESS,GATEWAY_200_OK,SUCCESS,NONE,Transaction completed successfully.,False,,
tx_00000809,cust_000173,merch_0002,1653.64,INR,UPI,RAZORPAY,NA,2026-07-08 05:13:16,0.8821,12,2,8.8,MOBILE_IOS,dev_727248,16.09,"Mumbai, IN",SAAS,15.15,MATCH,NOT_CHECKED,SUCCESS,00_SUCCESS,GATEWAY_200_OK,SUCCESS,NONE,Transaction completed successfully.,False,,
tx_00000337,cust_000053,merch_0030,259.36,INR,CREDIT_CARD,HDFC_PG,VISA,2026-06-28 08:03:39,0.6382,16,7,7.3,MOBILE_IOS,dev_490056,16.41,"Hyderabad, IN",EDTECH,7.24,MATCH,MATCH,SUCCESS,00_SUCCESS,GATEWAY_200_OK,SUCCESS,NONE,Transaction completed successfully.,False,,
tx_00000315,cust_000173,merch_0035,149.35,INR,CREDIT_CARD,RAZORPAY,VISA,2026-07-01 20:14:43,0.3221,7,4,6.1,MOBILE_ANDROID,dev_959254,3.59,"Mumbai, IN",GAMING,9.01,MATCH,MATCH,SUCCESS,91_TIMEOUT,GATEWAY_504_TIMEOUT,FAILED,TEMPORARY_GATEWAY_FAILURE,Transient gateway downtime or rate limit.,True,0.4898,1.0
tx_00000614,cust_000197,merch_0050,805.55,INR,UPI,RAZORPAY,NA,2026-07-18 03:55:45,0.9667,11,1,17.9,DESKTOP_WINDOWS,dev_929017,24.33,"Hyderabad, IN",ECOMMERCE,17.56,MATCH,NOT_CHECKED,SUCCESS,00_SUCCESS,GATEWAY_200_OK,SUCCESS,NONE,Transaction completed successfully.,False,,
tx_00000159,cust_000180,merch_0026,1192.02,INR,UPI,HDFC_PG,NA,2026-08-20 01:34:08,0.744,8,1,4.8,MOBILE_IOS,dev_572651,22.27,"Hyderabad, IN",FINANCIAL_SERVICES,13.31,MATCH,NOT_CHECKED,FAILED,65_AUTH_FAILED,GATEWAY_401_AUTH_FAILED,FAILED,AUTHENTICATION_FAILURE,3DS / OTP verification failed or timed out.,False,0.317,1.0
tx_00000753,cust_000086,merch_0032,145.98,INR,CREDIT_CARD,ICICI_PG,MASTERCARD,2026-06-07 17:53:55,0.6866,12,4,11.2,MOBILE_ANDROID,dev_650998,12.47,"Hyderabad, IN",SAAS,19.54,MATCH,MATCH,SUCCESS,00_SUCCESS,GATEWAY_200_OK,SUCCESS,NONE,Transaction completed successfully.,False,,
tx_00000958,cust_000202,merch_0006,192.68,INR,CREDIT_CARD,ICICI_PG,VISA,2026-07-06 14:06:18,0.6494,13,7,30.0,MOBILE_ANDROID,dev_897171,6.12,"Mumbai, IN",EDTECH,32.55,MATCH,MATCH,SUCCESS,00_SUCCESS,GATEWAY_200_OK,SUCCESS,NONE,Transaction completed successfully.,False,,
tx_00000312,cust_000026,merch_0018,622.11,INR,NET_BANKING,BILLDESK,NA,2026-08-10 16:43:55,0.6666,6,2,65.0,MOBILE_ANDROID,dev_731186,8.16,"Bengaluru, IN",ECOMMERCE,10.54,PARTIAL_MATCH,NOT_CHECKED,SUCCESS,00_SUCCESS,GATEWAY_200_OK,SUCCESS,NONE,Transaction completed successfully.,False,,
tx_00000829,cust_000010,merch_0005,191.03,INR,DEBIT_CARD,RAZORPAY,AMEX,2026-06-07 01:27:40,0.6932,11,2,13.9,MOBILE_IOS,dev_380257,3.12,"Mumbai, IN",ECOMMERCE,19.36,MATCH,MATCH,SUCCESS,51_INSUFFICIENT_FUNDS,GATEWAY_400_DECLINED,FAILED,INSUFFICIENT_FUNDS,Customer account balance insufficient at transaction time.,True,0.4166,0.0
tx_00000546,cust_000173,merch_0011,5406.65,INR,UPI,BILLDESK,NA,2026-08-16 09:58:34,0.7945,15,4,0.8,MOBILE_ANDROID,dev_283950,38.12,"Bengaluru, IN",SAAS,14.8,NO_MATCH,NOT_CHECKED,FAILED,59_SUSPECTED_FRAUD,GATEWAY_403_RISK_BLOCK,FAILED,FRAUD_RISK_BLOCK,Transaction flagged by risk engine or fraud rules.,False,0.0176,0.0
tx_00000341,cust_000103,merch_0037,48.36,EUR,UPI,RAZORPAY,NA,2026-06-14 15:19:35,0.5045,22,13,4.6,DESKTOP_MAC,dev_614918,3.86,"Mumbai, IN",GAMING,40.39,MATCH,NOT_CHECKED,SUCCESS,91_TIMEOUT,GATEWAY_504_TIMEOUT,FAILED,TEMPORARY_GATEWAY_FAILURE,Transient gateway downtime or rate limit.,True,0.4955,1.0
tx_00000781,cust_000289,merch_0034,384.6,INR,UPI,HDFC_PG,NA,2026-08-17 07:57:59,0.8253,7,1,3.4,MOBILE_ANDROID,dev_580854,34.62,"Bengaluru, IN",ECOMMERCE,13.32,MATCH,NOT_CHECKED,SUCCESS,96_SYSTEM_ERROR,GATEWAY_500_INTERNAL_ERROR,FAILED,NETWORK_ERROR,"Network timeout between merchant, gateway, and bank.",True,0.6908,1.0
tx_00000378,cust_000076,merch_0006,248.38,INR,DEBIT_CARD,ICICI_PG,MASTERCARD,2026-07-20 02:45:06,0.8671,8,3,2.6,MOBILE_ANDROID,dev_639121,6.74,"Hyderabad, IN",ECOMMERCE,6.26,MATCH,MATCH,SUCCESS,96_SYSTEM_ERROR,GATEWAY_500_INTERNAL_ERROR,FAILED,NETWORK_ERROR,"Network timeout between merchant, gateway, and bank.",True,0.7042,1.0
tx_00000091,cust_000033,merch_0005,989.76,INR,UPI,HDFC_PG,NA,2026-07-25 20:32:36,0.8189,9,3,64.1,MOBILE_ANDROID,dev_341170,35.96,"Bengaluru, IN",FINANCIAL_SERVICES,26.53,MATCH,NOT_CHECKED,SUCCESS,00_SUCCESS,GATEWAY_200_OK,SUCCESS,NONE,Transaction completed successfully.,False,,
tx_00000826,cust_000259,merch_0002,264.84,INR,CREDIT_CARD,RAZORPAY,MASTERCARD,2026-08-21 00:01:58,0.8845,16,3,2.4,DESKTOP_MAC,dev_227510,14.2,"Chennai, IN",SAAS,18.04,MATCH,MATCH,SUCCESS,00_SUCCESS,GATEWAY_200_OK,SUCCESS,NONE,Transaction completed successfully.,False,,
tx_00000665,cust_000133,merch_0046,439.78,INR,UPI,RAZORPAY,NA,2026-08-18 16:42:00,0.8161,8,1,19.9,MOBILE_ANDROID,dev_811513,18.35,"Mumbai, IN",EDTECH,4.35,MATCH,NOT_CHECKED,SUCCESS,00_SUCCESS,GATEWAY_200_OK,SUCCESS,NONE,Transaction completed successfully.,False,,
tx_00000858,cust_000005,merch_0043,936.98,INR,UPI,HDFC_PG,NA,2026-06-11 18:43:41,0.9772,14,1,2.5,DESKTOP_MAC,dev_601166,30.6,"Hyderabad, IN",ECOMMERCE,18.09,MATCH,NOT_CHECKED,SUCCESS,00_SUCCESS,GATEWAY_200_OK,SUCCESS,NONE,Transaction completed successfully.,False,,
tx_00000671,cust_000034,merch_0020,211.73,INR,UPI,HDFC_PG,NA,2026-06-30 02:15:04,0.746,11,2,24.0,MOBILE_ANDROID,dev_767429,14.06,"Mumbai, IN",EDTECH,22.04,MATCH,NOT_CHECKED,SUCCESS,00_SUCCESS,GATEWAY_200_OK,SUCCESS,NONE,Transaction completed successfully.,False,,
tx_00000847,cust_000035,merch_0030,269.17,INR,NET_BANKING,HDFC_PG,NA,2026-08-05 10:41:30,0.6655,21,5,14.7,MOBILE_ANDROID,dev_628425,6.8,"Bengaluru, IN",ECOMMERCE,5.53,MATCH,NOT_CHECKED,SUCCESS,91_TIMEOUT,GATEWAY_504_TIMEOUT,FAILED,TEMPORARY_GATEWAY_FAILURE,Transient gateway downtime or rate limit.,True,0.5259,1.0
tx_00000456,cust_000268,merch_0016,637.49,INR,UPI,RAZORPAY,NA,2026-06-20 19:48:57,0.7357,12,5,17.3,MOBILE_ANDROID,dev_162993,18.66,"Delhi, IN",FINANCIAL_SERVICES,3.59,MATCH,NOT_CHECKED,SUCCESS,00_SUCCESS,GATEWAY_200_OK,SUCCESS,NONE,Transaction completed successfully.,False,,
tx_00000961,cust_000291,merch_0041,701.89,INR,UPI,RAZORPAY,NA,2026-07-10 20:28:37,0.8405,14,0,14.6,DESKTOP_WINDOWS,dev_334669,35.24,"Delhi, IN",ECOMMERCE,34.94,MATCH,NOT_CHECKED,SUCCESS,00_SUCCESS,GATEWAY_200_OK,SUCCESS,NONE,Transaction completed successfully.,False,,
tx_00000076,cust_000009,merch_0036,402.97,INR,UPI,ICICI_PG,NA,2026-06-30 11:10:16,0.7086,9,1,7.7,MOBILE_ANDROID,dev_601288,26.96,"Hyderabad, IN",FINANCIAL_SERVICES,10.82,PARTIAL_MATCH,NOT_CHECKED,SUCCESS,00_SUCCESS,GATEWAY_200_OK,SUCCESS,NONE,Transaction completed successfully.,False,,
tx_00000338,cust_000060,merch_0050,1368.55,EUR,UPI,HDFC_PG,NA,2026-06-03 15:21:36,0.7878,8,2,0.6,MOBILE_ANDROID,dev_822237,18.9,"Mumbai, IN",ECOMMERCE,16.89,MATCH,NOT_CHECKED,SUCCESS,00_SUCCESS,GATEWAY_200_OK,SUCCESS,NONE,Transaction completed successfully.,False,,
tx_00000470,cust_000233,merch_0007,190.91,INR,DEBIT_CARD,RAZORPAY,RUPAY,2026-08-21 07:04:39,0.7949,13,4,8.9,DESKTOP_WINDOWS,dev_902947,32.01,"Bengaluru, IN",GAMING,11.28,MATCH,MATCH,SUCCESS,51_INSUFFICIENT_FUNDS,GATEWAY_400_DECLINED,FAILED,INSUFFICIENT_FUNDS,Customer account balance insufficient at transaction time.,True,0.206,0.0
tx_00000205,cust_000039,merch_0042,4531.76,INR,NET_BANKING,RAZORPAY,NA,2026-07-15 00:11:18,0.8489,11,2,8.4,MOBILE_IOS,dev_977326,22.24,"Mumbai, IN",SAAS,5.22,MATCH,NOT_CHECKED,SUCCESS,00_SUCCESS,GATEWAY_200_OK,SUCCESS,NONE,Transaction completed successfully.,False,,
tx_00000556,cust_000020,merch_0046,1301.41,INR,CREDIT_CARD,RAZORPAY,VISA,2026-08-13 09:05:00,0.9707,16,0,6.5,MOBILE_IOS,dev_676748,9.89,"Bengaluru, IN",EDTECH,12.89,MATCH,MATCH,SUCCESS,00_SUCCESS,GATEWAY_200_OK,SUCCESS,NONE,Transaction completed successfully.,False,,
tx_00000596,cust_000005,merch_0049,1594.02,INR,CREDIT_CARD,RAZORPAY,VISA,2026-08-16 14:24:37,0.9483,12,0,8.8,MOBILE_ANDROID,dev_671350,22.35,"Mumbai, IN",SAAS,2.94,MATCH,MATCH,SUCCESS,00_SUCCESS,GATEWAY_200_OK,SUCCESS,NONE,Transaction completed successfully.,False,,
tx_00000059,cust_000271,merch_0016,1607.46,INR,UPI,RAZORPAY,NA,2026-05-28 10:25:37,0.9209,9,1,22.2,MOBILE_ANDROID,dev_680483,17.2,"Chennai, IN",EDTECH,14.14,MATCH,NOT_CHECKED,SUCCESS,00_SUCCESS,GATEWAY_200_OK,SUCCESS,NONE,Transaction completed successfully.,False,,
tx_00000238,cust_000099,merch_0008,379.9,EUR,UPI,RAZORPAY,NA,2026-08-06 13:58:55,0.5133,9,6,17.3,MOBILE_ANDROID,dev_613311,14.6,"Delhi, IN",GAMING,25.7,MATCH,NOT_CHECKED,ATTEMPTED,54_EXPIRED_CARD,GATEWAY_400_BAD_REQUEST,FAILED,EXPIRED_CARD,Card expiry date has passed.,False,0.0634,0.0
tx_00000989,cust_000118,merch_0025,2096.34,INR,UPI,HDFC_PG,NA,2026-07-18 18:58:06,0.8724,11,2,5.6,MOBILE_ANDROID,dev_697066,10.19,"Bengaluru, IN",GAMING,17.74,MATCH,NOT_CHECKED,SUCCESS,00_SUCCESS,GATEWAY_200_OK,SUCCESS,NONE,Transaction completed successfully.,False,,
tx_00000539,cust_000191,merch_0029,2244.27,INR,CREDIT_CARD,ICICI_PG,RUPAY,2026-06-18 14:24:03,0.8109,11,2,39.0,MOBILE_IOS,dev_746174,29.1,"Bengaluru, IN",GAMING,3.35,MATCH,MATCH,SUCCESS,91_TIMEOUT,GATEWAY_504_TIMEOUT,FAILED,TEMPORARY_GATEWAY_FAILURE,Transient gateway downtime or rate limit.,True,0.6449,1.0
tx_00000668,cust_000184,merch_0016,1018.26,INR,UPI,CASHFREE,NA,2026-07-09 23:35:47,0.7374,9,3,31.0,MOBILE_IOS,dev_980858,25.01,"Delhi, IN",GAMING,28.81,MATCH,NOT_CHECKED,SUCCESS,00_SUCCESS,GATEWAY_200_OK,SUCCESS,NONE,Transaction completed successfully.,False,,
tx_00000119,cust_000237,merch_0022,73.17,INR,CREDIT_CARD,BILLDESK,RUPAY,2026-07-31 03:20:34,0.7672,10,0,3.8,MOBILE_ANDROID,dev_503821,1.13,"New York, US",UTILITIES,8.45,NO_MATCH,NO_MATCH,FAILED,14_INVALID_ACCOUNT,GATEWAY_400_BAD_REQUEST,FAILED,INVALID_PAYMENT_DETAILS,"Incorrect card number, CVV, or UPI ID.",False,0.1434,0.0
tx_00000642,cust_000236,merch_0008,4424.48,INR,DEBIT_CARD,RAZORPAY,RUPAY,2026-05-31 13:53:56,0.5216,12,1,29.9,MOBILE_IOS,dev_890718,14.63,"Chennai, IN",SAAS,17.51,MATCH,MATCH,SUCCESS,51_INSUFFICIENT_FUNDS,GATEWAY_400_DECLINED,FAILED,INSUFFICIENT_FUNDS,Customer account balance insufficient at transaction time.,True,0.4099,0.0
tx_00000529,cust_000126,merch_0022,667.14,INR,UPI,RAZORPAY,NA,2026-06-17 16:04:52,0.8572,6,1,31.2,MOBILE_ANDROID,dev_395766,13.19,"Bengaluru, IN",EDTECH,24.16,MATCH,NOT_CHECKED,FAILED,65_AUTH_FAILED,GATEWAY_401_AUTH_FAILED,FAILED,AUTHENTICATION_FAILURE,3DS / OTP verification failed or timed out.,False,0.2965,0.0
tx_00000042,cust_000053,merch_0023,1363.1,INR,DEBIT_CARD,ICICI_PG,RUPAY,2026-08-15 18:39:30,0.6143,8,1,8.6,MOBILE_ANDROID,dev_207576,5.13,"Delhi, IN",ECOMMERCE,38.93,MATCH,MATCH,SUCCESS,00_SUCCESS,GATEWAY_200_OK,SUCCESS,NONE,Transaction completed successfully.,False,,
tx_00000403,cust_000223,merch_0014,619.4,INR,DEBIT_CARD,ICICI_PG,VISA,2026-07-06 15:27:45,0.6853,16,5,21.6,MOBILE_ANDROID,dev_777720,17.52,"Mumbai, IN",EDTECH,13.92,MATCH,MATCH,SUCCESS,00_SUCCESS,GATEWAY_200_OK,SUCCESS,NONE,Transaction completed successfully.,False,,
tx_00000909,cust_000157,merch_0045,83.14,INR,UPI,RAZORPAY,NA,2026-06-14 05:16:23,0.796,9,2,2.3,MOBILE_ANDROID,dev_282185,1.34,"Bengaluru, IN",SAAS,6.89,MATCH,NOT_CHECKED,SUCCESS,00_SUCCESS,GATEWAY_200_OK,SUCCESS,NONE,Transaction completed successfully.,False,,
tx_00000071,cust_000188,merch_0023,491.52,INR,DEBIT_CARD,RAZORPAY,VISA,2026-08-22 12:30:32,0.9297,16,3,9.9,MOBILE_ANDROID,dev_356108,10.1,"Bengaluru, IN",GAMING,16.64,MATCH,MATCH,SUCCESS,00_SUCCESS,GATEWAY_200_OK,SUCCESS,NONE,Transaction completed successfully.,False,,
tx_00000359,cust_000127,merch_0024,147.23,USD,CREDIT_CARD,ICICI_PG,MASTERCARD,2026-08-16 07:21:41,0.8476,11,2,16.6,MOBILE_ANDROID,dev_467395,6.39,"Bengaluru, IN",GAMING,17.37,MATCH,MATCH,SUCCESS,96_SYSTEM_ERROR,GATEWAY_500_INTERNAL_ERROR,FAILED,NETWORK_ERROR,"Network timeout between merchant, gateway, and bank.",True,0.8075,1.0
tx_00000309,cust_000039,merch_0030,27115.68,INR,WALLET,RAZORPAY,NA,2026-07-27 15:51:34,0.8125,10,3,0.1,DESKTOP_MAC,dev_127428,27.92,"Hyderabad, IN",ECOMMERCE,13.92,MATCH,NOT_CHECKED,SUCCESS,00_SUCCESS,GATEWAY_200_OK,SUCCESS,NONE,Transaction completed successfully.,False,,
tx_00000818,cust_000140,merch_0025,308.47,INR,UPI,HDFC_PG,NA,2026-07-29 16:48:47,0.7902,10,3,4.4,MOBILE_ANDROID,dev_566246,4.34,"Delhi, IN",SAAS,23.91,MATCH,NOT_CHECKED,SUCCESS,00_SUCCESS,GATEWAY_200_OK,SUCCESS,NONE,Transaction completed successfully.,False,,
tx_00000488,cust_000042,merch_0029,294.78,INR,UPI,HDFC_PG,NA,2026-08-23 16:02:17,0.6261,7,2,9.0,MOBILE_ANDROID,dev_147611,12.38,"Bengaluru, IN",ECOMMERCE,6.11,MATCH,NOT_CHECKED,SUCCESS,00_SUCCESS,GATEWAY_200_OK,SUCCESS,NONE,Transaction completed successfully.,False,,
tx_00000962,cust_000063,merch_0025,1261.34,EUR,CREDIT_CARD,HDFC_PG,MASTERCARD,2026-08-09 06:44:08,0.8655,14,1,10.2,DESKTOP_MAC,dev_131171,35.19,"Chennai, IN",ECOMMERCE,8.76,MATCH,MATCH,SUCCESS,00_SUCCESS,GATEWAY_200_OK,SUCCESS,NONE,Transaction completed successfully.,False,,
tx_00000932,cust_000141,merch_0018,133.69,INR,CREDIT_CARD,BILLDESK,MASTERCARD,2026-07-20 03:13:34,0.7405,11,3,6.6,MOBILE_ANDROID,dev_762246,17.96,"Mumbai, IN",ECOMMERCE,5.85,MATCH,MATCH,SUCCESS,51_INSUFFICIENT_FUNDS,GATEWAY_400_DECLINED,FAILED,INSUFFICIENT_FUNDS,Customer account balance insufficient at transaction time.,True,0.2692,0.0
tx_00000899,cust_000010,merch_0039,91.38,INR,UPI,RAZORPAY,NA,2026-08-18 02:35:12,0.8513,16,7,19.4,MOBILE_ANDROID,dev_700657,9.75,"Mumbai, IN",EDTECH,26.99,MATCH,NOT_CHECKED,FAILED,65_AUTH_FAILED,GATEWAY_401_AUTH_FAILED,FAILED,AUTHENTICATION_FAILURE,3DS / OTP verification failed or timed out.,False,0.2309,0.0
tx_00000467,cust_000019,merch_0036,576.57,INR,CREDIT_CARD,BILLDESK,VISA,2026-06-06 06:17:19,0.903,11,0,24.1,MOBILE_ANDROID,dev_936398,8.75,"Mumbai, IN",SAAS,4.34,MATCH,MATCH,SUCCESS,00_SUCCESS,GATEWAY_200_OK,SUCCESS,NONE,Transaction completed successfully.,False,,
tx_00000607,cust_000217,merch_0025,1871.24,INR,WALLET,RAZORPAY,NA,2026-07-12 14:29:59,0.7515,6,2,31.7,MOBILE_ANDROID,dev_867981,3.01,"Bengaluru, IN",GAMING,20.67,MATCH,NOT_CHECKED,SUCCESS,91_TIMEOUT,GATEWAY_504_TIMEOUT,FAILED,TEMPORARY_GATEWAY_FAILURE,Transient gateway downtime or rate limit.,True,0.7586,1.0
tx_00000134,cust_000134,merch_0036,172.9,EUR,NET_BANKING,CASHFREE,NA,2026-08-13 03:58:05,0.7022,12,4,9.9,MOBILE_IOS,dev_402702,58.88,"New York, US",EDTECH,14.71,PARTIAL_MATCH,NOT_CHECKED,ATTEMPTED,05_DO_NOT_HONOR,GATEWAY_400_DECLINED,FAILED,BANK_DECLINED,Issuing bank declined transaction without specific reason.,False,0.0511,0.0
tx_00000441,cust_000217,merch_0040,560.35,INR,CREDIT_CARD,BILLDESK,VISA,2026-07-18 16:01:15,0.8579,11,3,18.5,MOBILE_ANDROID,dev_479426,13.13,"Bengaluru, IN",SAAS,15.63,MATCH,MATCH,SUCCESS,00_SUCCESS,GATEWAY_200_OK,SUCCESS,NONE,Transaction completed successfully.,False,,
tx_00000131,cust_000170,merch_0018,154.32,INR,DEBIT_CARD,ICICI_PG,VISA,2026-07-15 18:56:38,0.859,7,1,65.0,MOBILE_ANDROID,dev_617514,17.58,"Bengaluru, IN",FINANCIAL_SERVICES,21.26,PARTIAL_MATCH,MATCH,SUCCESS,00_SUCCESS,GATEWAY_200_OK,SUCCESS,NONE,Transaction completed successfully.,False,,
tx_00000343,cust_000262,merch_0048,1842.67,INR,UPI,CASHFREE,NA,2026-07-26 08:23:08,0.845,9,2,12.1,DESKTOP_WINDOWS,dev_745731,28.93,"Bengaluru, IN",EDTECH,11.75,MATCH,NOT_CHECKED,SUCCESS,00_SUCCESS,GATEWAY_200_OK,SUCCESS,NONE,Transaction completed successfully.,False,,
tx_00000025,cust_000170,merch_0032,2097.88,INR,CREDIT_CARD,CASHFREE,MASTERCARD,2026-07-27 07:07:32,0.8374,13,2,2.3,MOBILE_ANDROID,dev_754405,5.4,"Bengaluru, IN",EDTECH,25.64,MATCH,MATCH,SUCCESS,91_TIMEOUT,GATEWAY_504_TIMEOUT,FAILED,TEMPORARY_GATEWAY_FAILURE,Transient gateway downtime or rate limit.,True,0.7545,1.0
tx_00000286,cust_000116,merch_0043,1437.17,INR,UPI,BILLDESK,NA,2026-06-26 16:06:07,0.8807,14,2,26.4,MOBILE_ANDROID,dev_719840,5.8,"Mumbai, IN",GAMING,49.89,MATCH,NOT_CHECKED,SUCCESS,00_SUCCESS,GATEWAY_200_OK,SUCCESS,NONE,Transaction completed successfully.,False,,
tx_00000599,cust_000065,merch_0012,475.96,INR,CREDIT_CARD,CASHFREE,VISA,2026-08-19 07:10:38,0.8026,10,1,7.9,MOBILE_IOS,dev_735665,10.12,"Mumbai, IN",EDTECH,6.05,MATCH,MATCH,SUCCESS,00_SUCCESS,GATEWAY_200_OK,SUCCESS,NONE,Transaction completed successfully.,False,,
tx_00000296,cust_000058,merch_0022,176.31,USD,UPI,RAZORPAY,NA,2026-08-03 15:46:50,0.8656,3,0,6.2,DESKTOP_WINDOWS,dev_378462,2.31,"Delhi, IN",SAAS,10.75,MATCH,NOT_CHECKED,SUCCESS,00_SUCCESS,GATEWAY_200_OK,SUCCESS,NONE,Transaction completed successfully.,False,,
tx_00000876,cust_000153,merch_0009,1151.07,INR,CREDIT_CARD,ICICI_PG,VISA,2026-08-21 18:07:38,0.8775,16,0,5.9,MOBILE_IOS,dev_380348,24.5,"Hyderabad, IN",UTILITIES,8.33,MATCH,MATCH,SUCCESS,96_SYSTEM_ERROR,GATEWAY_500_INTERNAL_ERROR,FAILED,NETWORK_ERROR,"Network timeout between merchant, gateway, and bank.",True,0.5487,0.0
tx_00000595,cust_000251,merch_0035,1347.98,INR,CREDIT_CARD,RAZORPAY,VISA,2026-06-19 14:21:57,0.844,12,1,74.0,MOBILE_ANDROID,dev_424822,11.47,"Mumbai, IN",ECOMMERCE,18.87,PARTIAL_MATCH,MATCH,ATTEMPTED,05_DO_NOT_HONOR,GATEWAY_400_DECLINED,FAILED,BANK_DECLINED,Issuing bank declined transaction without specific reason.,False,0.2122,0.0
tx_00000254,cust_000238,merch_0023,689.97,INR,UPI,RAZORPAY,NA,2026-07-04 15:26:37,0.8543,16,2,1.7,DESKTOP_MAC,dev_335328,19.63,"Mumbai, IN",UTILITIES,38.99,PARTIAL_MATCH,NOT_CHECKED,ATTEMPTED,05_DO_NOT_HONOR,GATEWAY_400_DECLINED,FAILED,BANK_DECLINED,Issuing bank declined transaction without specific reason.,False,0.1228,0.0
tx_00000293,cust_000281,merch_0049,452.99,INR,WALLET,RAZORPAY,NA,2026-06-16 13:57:04,0.6564,11,2,17.5,MOBILE_IOS,dev_595072,6.22,"Hyderabad, IN",EDTECH,16.37,MATCH,NOT_CHECKED,SUCCESS,00_SUCCESS,GATEWAY_200_OK,SUCCESS,NONE,Transaction completed successfully.,False,,
tx_00000265,cust_000097,merch_0050,327.34,EUR,NET_BANKING,RAZORPAY,NA,2026-07-21 02:55:23,0.4333,13,9,13.2,DESKTOP_WINDOWS,dev_971744,12.68,"Delhi, IN",FINANCIAL_SERVICES,13.57,MATCH,NOT_CHECKED,SUCCESS,91_TIMEOUT,GATEWAY_504_TIMEOUT,FAILED,TEMPORARY_GATEWAY_FAILURE,Transient gateway downtime or rate limit.,True,0.4879,0.0
tx_00000177,cust_000130,merch_0035,216.21,INR,UPI,CASHFREE,NA,2026-08-14 07:42:16,0.7937,11,2,1.5,MOBILE_IOS,dev_850681,12.32,"Mumbai, IN",ECOMMERCE,11.27,MATCH,NOT_CHECKED,SUCCESS,00_SUCCESS,GATEWAY_200_OK,SUCCESS,NONE,Transaction completed successfully.,False,,
tx_00000202,cust_000148,merch_0025,3236.8,INR,CREDIT_CARD,HDFC_PG,VISA,2026-06-14 13:34:29,0.62,10,5,15.0,MOBILE_ANDROID,dev_385954,11.56,"Bengaluru, IN",SAAS,26.21,MATCH,MATCH,SUCCESS,00_SUCCESS,GATEWAY_200_OK,SUCCESS,NONE,Transaction completed successfully.,False,,
tx_00000910,cust_000136,merch_0016,6511.63,INR,CREDIT_CARD,RAZORPAY,MASTERCARD,2026-07-26 07:28:56,0.6609,12,6,52.5,DESKTOP_WINDOWS,dev_204262,12.31,"Chennai, IN",FINANCIAL_SERVICES,31.89,PARTIAL_MATCH,MATCH,SUCCESS,00_SUCCESS,GATEWAY_200_OK,SUCCESS,NONE,Transaction completed successfully.,False,,
tx_00000122,cust_000029,merch_0004,484.69,INR,UPI,RAZORPAY,NA,2026-07-19 21:11:28,0.5599,22,12,3.0,MOBILE_IOS,dev_942990,23.07,"Delhi, IN",ECOMMERCE,11.13,MATCH,NOT_CHECKED,SUCCESS,91_TIMEOUT,GATEWAY_504_TIMEOUT,FAILED,TEMPORARY_GATEWAY_FAILURE,Transient gateway downtime or rate limit.,True,0.4462,1.0
tx_00000879,cust_000104,merch_0026,2793.84,INR,UPI,RAZORPAY,NA,2026-06-17 20:22:18,0.5412,18,7,47.8,MOBILE_ANDROID,dev_348562,10.43,"Hyderabad, IN",GAMING,10.99,MATCH,NOT_CHECKED,SUCCESS,00_SUCCESS,GATEWAY_200_OK,SUCCESS,NONE,Transaction completed successfully.,False,,
tx_00000455,cust_000037,merch_0019,8183.63,INR,DEBIT_CARD,RAZORPAY,VISA,2026-08-16 07:08:36,0.6622,11,3,26.7,DESKTOP_MAC,dev_258456,19.86,"Delhi, IN",GAMING,28.38,NO_MATCH,NO_MATCH,FAILED,14_INVALID_ACCOUNT,GATEWAY_400_BAD_REQUEST,FAILED,INVALID_PAYMENT_DETAILS,"Incorrect card number, CVV, or UPI ID.",False,0.0778,0.0
tx_00000175,cust_000225,merch_0039,261.95,EUR,CREDIT_CARD,HDFC_PG,MASTERCARD,2026-06-14 09:53:32,0.7149,11,6,0.2,MOBILE_IOS,dev_250636,8.47,"Mumbai, IN",GAMING,26.37,MATCH,MATCH,SUCCESS,00_SUCCESS,GATEWAY_200_OK,SUCCESS,NONE,Transaction completed successfully.,False,,
tx_00000565,cust_000012,merch_0015,2488.37,INR,CREDIT_CARD,ICICI_PG,MASTERCARD,2026-07-26 00:27:24,0.7512,11,2,42.2,DESKTOP_WINDOWS,dev_925647,1.05,"Mumbai, IN",SAAS,11.17,MATCH,MATCH,FAILED,65_AUTH_FAILED,GATEWAY_401_AUTH_FAILED,FAILED,AUTHENTICATION_FAILURE,3DS / OTP verification failed or timed out.,False,0.3022,1.0
tx_00000633,cust_000072,merch_0038,183.74,EUR,UPI,ICICI_PG,NA,2026-07-28 08:02:13,0.6559,17,10,8.1,MOBILE_ANDROID,dev_283761,21.85,"Mumbai, IN",ECOMMERCE,46.65,MATCH,NOT_CHECKED,SUCCESS,00_SUCCESS,GATEWAY_200_OK,SUCCESS,NONE,Transaction completed successfully.,False,,
tx_00000120,cust_000143,merch_0043,15.73,INR,UPI,BILLDESK,NA,2026-08-21 20:59:28,0.6941,10,3,11.7,MOBILE_ANDROID,dev_599459,44.4,"Mumbai, IN",SAAS,17.06,MATCH,NOT_CHECKED,SUCCESS,51_INSUFFICIENT_FUNDS,GATEWAY_400_DECLINED,FAILED,INSUFFICIENT_FUNDS,Customer account balance insufficient at transaction time.,True,0.294,0.0
tx_00000154,cust_000172,merch_0045,230.12,INR,CREDIT_CARD,HDFC_PG,MASTERCARD,2026-06-12 11:53:19,0.7496,14,3,2.4,MOBILE_ANDROID,dev_657405,28.93,"Mumbai, IN",ECOMMERCE,4.67,MATCH,MATCH,SUCCESS,00_SUCCESS,GATEWAY_200_OK,SUCCESS,NONE,Transaction completed successfully.,False,,
tx_00000631,cust_000034,merch_0036,244.37,INR,UPI,RAZORPAY,NA,2026-08-17 23:43:38,0.9294,10,2,21.4,MOBILE_ANDROID,dev_635506,8.4,"Mumbai, IN",ECOMMERCE,31.85,MATCH,NOT_CHECKED,SUCCESS,00_SUCCESS,GATEWAY_200_OK,SUCCESS,NONE,Transaction completed successfully.,False,,
tx_00000290,cust_000256,merch_0044,426.71,INR,UPI,CASHFREE,NA,2026-06-01 23:58:13,0.8428,12,1,15.8,MOBILE_ANDROID,dev_133749,2.09,"Chennai, IN",ECOMMERCE,5.47,MATCH,NOT_CHECKED,SUCCESS,00_SUCCESS,GATEWAY_200_OK,SUCCESS,NONE,Transaction completed successfully.,False,,
tx_00000979,cust_000177,merch_0018,40.79,INR,DEBIT_CARD,BILLDESK,VISA,2026-06-08 12:19:06,0.7823,12,2,8.7,DESKTOP_MAC,dev_562715,11.65,"Delhi, IN",GAMING,32.13,MATCH,MATCH,SUCCESS,00_SUCCESS,GATEWAY_200_OK,SUCCESS,NONE,Transaction completed successfully.,False,,
tx_00000259,cust_000264,merch_0014,346.48,INR,DEBIT_CARD,RAZORPAY,RUPAY,2026-08-14 03:34:34,0.8293,9,0,8.8,DESKTOP_MAC,dev_587650,15.69,"Chennai, IN",SAAS,15.06,MATCH,MATCH,SUCCESS,00_SUCCESS,GATEWAY_200_OK,SUCCESS,NONE,Transaction completed successfully.,False,,
tx_00000544,cust_000173,merch_0007,5511.29,EUR,UPI,BILLDESK,NA,2026-07-20 07:14:26,0.7591,9,1,13.1,MOBILE_ANDROID,dev_290496,11.65,"Mumbai, IN",EDTECH,4.1,MATCH,NOT_CHECKED,SUCCESS,91_TIMEOUT,GATEWAY_504_TIMEOUT,FAILED,TEMPORARY_GATEWAY_FAILURE,Transient gateway downtime or rate limit.,True,0.7233,0.0
tx_00000190,cust_000098,merch_0017,378.39,INR,CREDIT_CARD,RAZORPAY,VISA,2026-06-25 20:07:20,0.8303,4,1,2.9,MOBILE_ANDROID,dev_702531,5.28,"Mumbai, IN",EDTECH,15.71,MATCH,MATCH,SUCCESS,00_SUCCESS,GATEWAY_200_OK,SUCCESS,NONE,Transaction completed successfully.,False,,
tx_00000476,cust_000052,merch_0042,7252.3,INR,CREDIT_CARD,ICICI_PG,VISA,2026-08-01 19:11:52,0.889,9,3,12.1,DESKTOP_WINDOWS,dev_584737,9.54,"Bengaluru, IN",ECOMMERCE,9.22,MATCH,MATCH,SUCCESS,00_SUCCESS,GATEWAY_200_OK,SUCCESS,NONE,Transaction completed successfully.,False,,
tx_00000577,cust_000220,merch_0003,93.44,INR,UPI,RAZORPAY,NA,2026-08-09 04:28:13,0.9665,14,1,2.4,MOBILE_ANDROID,dev_514062,37.72,"Delhi, IN",SAAS,28.0,MATCH,NOT_CHECKED,SUCCESS,00_SUCCESS,GATEWAY_200_OK,SUCCESS,NONE,Transaction completed successfully.,False,,
tx_00000657,cust_000286,merch_0041,1552.28,INR,DEBIT_CARD,RAZORPAY,MASTERCARD,2026-08-20 11:03:25,0.7881,14,2,34.3,MOBILE_ANDROID,dev_352985,0.45,"Mumbai, IN",EDTECH,2.34,MATCH,MATCH,SUCCESS,00_SUCCESS,GATEWAY_200_OK,SUCCESS,NONE,Transaction completed successfully.,False,,
tx_00000125,cust_000160,merch_0045,7492.76,INR,UPI,RAZORPAY,NA,2026-06-18 07:02:04,0.7138,16,1,35.2,MOBILE_ANDROID,dev_455223,10.17,"Mumbai, IN",ECOMMERCE,38.1,MATCH,NOT_CHECKED,SUCCESS,00_SUCCESS,GATEWAY_200_OK,SUCCESS,NONE,Transaction completed successfully.,False,,
tx_00000133,cust_000062,merch_0042,374.87,INR,UPI,RAZORPAY,NA,2026-06-11 05:20:01,0.7367,12,2,1.9,DESKTOP_WINDOWS,dev_150250,3.29,"London, UK",ECOMMERCE,19.16,MATCH,NOT_CHECKED,SUCCESS,00_SUCCESS,GATEWAY_200_OK,SUCCESS,NONE,Transaction completed successfully.,False,,
tx_00000178,cust_000053,merch_0034,160.68,USD,CREDIT_CARD,RAZORPAY,VISA,2026-08-10 10:19:26,0.7987,10,3,2.1,DESKTOP_WINDOWS,dev_229997,17.94,"Mumbai, IN",GAMING,23.17,MATCH,MATCH,SUCCESS,00_SUCCESS,GATEWAY_200_OK,SUCCESS,NONE,Transaction completed successfully.,False,,
tx_00000617,cust_000023,merch_0029,4213.28,USD,CREDIT_CARD,BILLDESK,VISA,2026-08-13 10:30:42,0.7447,6,0,15.1,MOBILE_ANDROID,dev_904840,3.12,"Bengaluru, IN",SAAS,5.14,MATCH,MATCH,SUCCESS,96_SYSTEM_ERROR,GATEWAY_500_INTERNAL_ERROR,FAILED,NETWORK_ERROR,"Network timeout between merchant, gateway, and bank.",True,0.7086,0.0
tx_00000242,cust_000208,merch_0012,1224.62,INR,UPI,BILLDESK,NA,2026-05-29 23:09:38,0.8314,12,2,50.0,MOBILE_ANDROID,dev_148848,13.34,"Bengaluru, IN",ECOMMERCE,8.73,MATCH,NOT_CHECKED,SUCCESS,00_SUCCESS,GATEWAY_200_OK,SUCCESS,NONE,Transaction completed successfully.,False,,
tx_00000273,cust_000172,merch_0018,3091.03,INR,CREDIT_CARD,HDFC_PG,RUPAY,2026-08-01 18:14:52,0.934,17,3,8.6,DESKTOP_MAC,dev_697486,11.67,"Mumbai, IN",GAMING,7.48,MATCH,MATCH,SUCCESS,91_TIMEOUT,GATEWAY_504_TIMEOUT,FAILED,TEMPORARY_GATEWAY_FAILURE,Transient gateway downtime or rate limit.,True,0.7394,1.0
tx_00000230,cust_000161,merch_0008,1627.07,INR,UPI,RAZORPAY,NA,2026-08-03 23:23:11,0.8551,11,0,6.0,MOBILE_ANDROID,dev_713968,11.28,"Bengaluru, IN",FINANCIAL_SERVICES,5.54,PARTIAL_MATCH,NOT_CHECKED,SUCCESS,00_SUCCESS,GATEWAY_200_OK,SUCCESS,NONE,Transaction completed successfully.,False,,
tx_00000414,cust_000152,merch_0034,486.11,INR,UPI,RAZORPAY,NA,2026-06-23 15:04:33,0.8698,11,3,7.3,MOBILE_ANDROID,dev_998863,7.24,"Delhi, IN",ECOMMERCE,9.91,NO_MATCH,NOT_CHECKED,FAILED,14_INVALID_ACCOUNT,GATEWAY_400_BAD_REQUEST,FAILED,INVALID_PAYMENT_DETAILS,"Incorrect card number, CVV, or UPI ID.",False,0.096,1.0
tx_00000212,cust_000252,merch_0044,466.56,INR,WALLET,ICICI_PG,NA,2026-07-14 14:19:02,0.9208,7,0,6.1,MOBILE_ANDROID,dev_705134,16.47,"Hyderabad, IN",ECOMMERCE,9.34,MATCH,NOT_CHECKED,SUCCESS,00_SUCCESS,GATEWAY_200_OK,SUCCESS,NONE,Transaction completed successfully.,False,,
tx_00000937,cust_000171,merch_0040,5124.97,INR,CREDIT_CARD,RAZORPAY,VISA,2026-05-30 22:43:16,0.3994,12,8,3.9,DESKTOP_MAC,dev_653306,22.58,"Mumbai, IN",UTILITIES,3.33,MATCH,MATCH,SUCCESS,00_SUCCESS,GATEWAY_200_OK,SUCCESS,NONE,Transaction completed successfully.,False,,
tx_00000210,cust_000099,merch_0050,2240.98,INR,DEBIT_CARD,RAZORPAY,RUPAY,2026-07-03 00:00:03,0.8608,22,4,15.5,MOBILE_ANDROID,dev_655244,3.6,"Mumbai, IN",UTILITIES,12.4,MATCH,MATCH,SUCCESS,00_SUCCESS,GATEWAY_200_OK,SUCCESS,NONE,Transaction completed successfully.,False,,
tx_00000332,cust_000170,merch_0030,19934.25,INR,UPI,RAZORPAY,NA,2026-07-07 03:10:45,0.9011,13,1,22.0,MOBILE_ANDROID,dev_491301,7.21,"Delhi, IN",ECOMMERCE,13.84,PARTIAL_MATCH,NOT_CHECKED,SUCCESS,00_SUCCESS,GATEWAY_200_OK,SUCCESS,NONE,Transaction completed successfully.,False,,
tx_00000666,cust_000285,merch_0032,70.36,INR,CREDIT_CARD,RAZORPAY,RUPAY,2026-07-03 19:31:33,0.6677,9,1,15.6,MOBILE_ANDROID,dev_654859,2.78,"New York, US",ECOMMERCE,37.15,MATCH,MATCH,SUCCESS,51_INSUFFICIENT_FUNDS,GATEWAY_400_DECLINED,FAILED,INSUFFICIENT_FUNDS,Customer account balance insufficient at transaction time.,True,0.4269,1.0
tx_00000345,cust_000144,merch_0046,1501.91,INR,UPI,HDFC_PG,NA,2026-06-05 14:51:49,0.8124,10,2,4.3,MOBILE_IOS,dev_587377,3.8,"Bengaluru, IN",SAAS,19.64,MATCH,NOT_CHECKED,SUCCESS,00_SUCCESS,GATEWAY_200_OK,SUCCESS,NONE,Transaction completed successfully.,False,,
tx_00000964,cust_000025,merch_0013,429.69,INR,UPI,CASHFREE,NA,2026-06-01 13:29:06,0.9262,9,0,63.9,MOBILE_ANDROID,dev_724310,2.67,"Hyderabad, IN",SAAS,9.48,MATCH,NOT_CHECKED,SUCCESS,00_SUCCESS,GATEWAY_200_OK,SUCCESS,NONE,Transaction completed successfully.,False,,
tx_00000136,cust_000028,merch_0038,181.18,INR,NET_BANKING,RAZORPAY,NA,2026-06-07 17:15:42,0.6877,7,3,10.1,DESKTOP_WINDOWS,dev_437265,7.14,"Bengaluru, IN",EDTECH,9.74,MATCH,NOT_CHECKED,SUCCESS,96_SYSTEM_ERROR,GATEWAY_500_INTERNAL_ERROR,FAILED,NETWORK_ERROR,"Network timeout between merchant, gateway, and bank.",True,0.6122,0.0
tx_00000118,cust_000231,merch_0009,705.31,INR,UPI,RAZORPAY,NA,2026-07-12 14:12:41,0.6782,9,1,5.0,DESKTOP_WINDOWS,dev_607661,3.0,"Bengaluru, IN",ECOMMERCE,24.4,MATCH,NOT_CHECKED,SUCCESS,96_SYSTEM_ERROR,GATEWAY_500_INTERNAL_ERROR,FAILED,NETWORK_ERROR,"Network timeout between merchant, gateway, and bank.",True,0.7157,0.0
tx_00000832,cust_000172,merch_0012,1984.72,INR,UPI,BILLDESK,NA,2026-07-08 21:53:59,0.8363,10,3,5.5,MOBILE_ANDROID,dev_912049,8.74,"London, UK",ECOMMERCE,10.3,MATCH,NOT_CHECKED,SUCCESS,96_SYSTEM_ERROR,GATEWAY_500_INTERNAL_ERROR,FAILED,NETWORK_ERROR,"Network timeout between merchant, gateway, and bank.",True,0.6503,1.0
tx_00000021,cust_000253,merch_0008,61.86,INR,UPI,RAZORPAY,NA,2026-07-05 07:07:48,0.7914,11,5,18.5,MOBILE_ANDROID,dev_962320,30.03,"Bengaluru, IN",ECOMMERCE,9.49,MATCH,NOT_CHECKED,SUCCESS,00_SUCCESS,GATEWAY_200_OK,SUCCESS,NONE,Transaction completed successfully.,False,,
tx_00000803,cust_000118,merch_0030,687.26,INR,UPI,HDFC_PG,NA,2026-07-09 03:45:08,0.8031,11,6,45.1,DESKTOP_MAC,dev_457623,42.5,"Mumbai, IN",ECOMMERCE,25.56,PARTIAL_MATCH,NOT_CHECKED,ATTEMPTED,05_DO_NOT_HONOR,GATEWAY_400_DECLINED,FAILED,BANK_DECLINED,Issuing bank declined transaction without specific reason.,False,0.0723,0.0
tx_00000905,cust_000228,merch_0044,654.58,USD,NET_BANKING,BILLDESK,NA,2026-08-16 17:42:06,0.8441,13,2,13.1,DESKTOP_MAC,dev_402118,8.59,"Hyderabad, IN",GAMING,12.97,MATCH,NOT_CHECKED,SUCCESS,00_SUCCESS,GATEWAY_200_OK,SUCCESS,NONE,Transaction completed successfully.,False,,
tx_00000500,cust_000009,merch_0031,521.58,INR,DEBIT_CARD,CASHFREE,VISA,2026-07-31 18:10:43,0.8867,12,1,16.9,DESKTOP_WINDOWS,dev_805654,23.36,"Chennai, IN",GAMING,13.18,MATCH,MATCH,SUCCESS,00_SUCCESS,GATEWAY_200_OK,SUCCESS,NONE,Transaction completed successfully.,False,,
tx_00000460,cust_000217,merch_0048,178.11,INR,NET_BANKING,RAZORPAY,NA,2026-08-03 23:59:55,0.9053,10,1,0.3,DESKTOP_WINDOWS,dev_654315,5.61,"Mumbai, IN",GAMING,1.82,MATCH,NOT_CHECKED,SUCCESS,91_TIMEOUT,GATEWAY_504_TIMEOUT,FAILED,TEMPORARY_GATEWAY_FAILURE,Transient gateway downtime or rate limit.,True,0.8345,0.0
tx_00000084,cust_000261,merch_0011,1872.22,USD,UPI,BILLDESK,NA,2026-07-09 14:58:16,0.9646,10,0,7.7,MOBILE_IOS,dev_915265,8.69,"Hyderabad, IN",GAMING,10.85,MATCH,NOT_CHECKED,SUCCESS,96_SYSTEM_ERROR,GATEWAY_500_INTERNAL_ERROR,FAILED,NETWORK_ERROR,"Network timeout between merchant, gateway, and bank.",True,0.7972,1.0
tx_00000459,cust_000279,merch_0033,533.53,INR,UPI,RAZORPAY,NA,2026-07-18 08:26:31,0.8452,7,1,28.7,MOBILE_IOS,dev_470177,8.12,"Mumbai, IN",GAMING,35.29,MATCH,NOT_CHECKED,SUCCESS,51_INSUFFICIENT_FUNDS,GATEWAY_400_DECLINED,FAILED,INSUFFICIENT_FUNDS,Customer account balance insufficient at transaction time.,True,0.4734,0.0
tx_00000225,cust_000208,merch_0047,3507.24,INR,UPI,BILLDESK,NA,2026-07-04 03:19:27,0.9601,10,1,13.3,MOBILE_IOS,dev_247712,3.89,"Mumbai, IN",SAAS,8.5,MATCH,NOT_CHECKED,SUCCESS,96_SYSTEM_ERROR,GATEWAY_500_INTERNAL_ERROR,FAILED,NETWORK_ERROR,"Network timeout between merchant, gateway, and bank.",True,0.747,1.0
tx_00000534,cust_000126,merch_0026,786.83,INR,UPI,CASHFREE,NA,2026-07-19 03:46:05,0.8246,11,2,3.2,MOBILE_ANDROID,dev_299948,18.79,"Chennai, IN",GAMING,11.28,MATCH,NOT_CHECKED,SUCCESS,00_SUCCESS,GATEWAY_200_OK,SUCCESS,NONE,Transaction completed successfully.,False,,
tx_00000594,cust_000242,merch_0034,799.52,USD,CREDIT_CARD,ICICI_PG,MASTERCARD,2026-07-10 21:01:47,0.8294,10,0,16.2,MOBILE_ANDROID,dev_630694,38.15,"Chennai, IN",ECOMMERCE,11.88,MATCH,MATCH,SUCCESS,00_SUCCESS,GATEWAY_200_OK,SUCCESS,NONE,Transaction completed successfully.,False,,
tx_00000576,cust_000028,merch_0027,4869.41,INR,UPI,RAZORPAY,NA,2026-07-19 15:06:43,0.5369,15,8,7.6,MOBILE_IOS,dev_648513,1.84,"Mumbai, IN",ECOMMERCE,41.17,MATCH,NOT_CHECKED,SUCCESS,00_SUCCESS,GATEWAY_200_OK,SUCCESS,NONE,Transaction completed successfully.,False,,
tx_00000985,cust_000049,merch_0011,1237.45,INR,DEBIT_CARD,ICICI_PG,MASTERCARD,2026-06-13 16:26:33,0.8511,11,2,7.0,MOBILE_IOS,dev_693519,18.83,"Mumbai, IN",ECOMMERCE,27.43,MATCH,MATCH,ATTEMPTED,54_EXPIRED_CARD,GATEWAY_400_BAD_REQUEST,FAILED,EXPIRED_CARD,Card expiry date has passed.,False,0.0953,0.0
tx_00000317,cust_000264,merch_0046,43.67,INR,DEBIT_CARD,RAZORPAY,VISA,2026-07-29 14:03:44,0.9309,10,0,25.9,MOBILE_ANDROID,dev_830701,4.12,"Hyderabad, IN",ECOMMERCE,37.5,MATCH,MATCH,SUCCESS,00_SUCCESS,GATEWAY_200_OK,SUCCESS,NONE,Transaction completed successfully.,False,,
tx_00000413,cust_000160,merch_0025,258.11,INR,UPI,CASHFREE,NA,2026-07-18 18:40:35,0.7267,11,1,5.1,MOBILE_ANDROID,dev_450116,34.92,"Mumbai, IN",ECOMMERCE,11.03,MATCH,NOT_CHECKED,SUCCESS,00_SUCCESS,GATEWAY_200_OK,SUCCESS,NONE,Transaction completed successfully.,False,,
tx_00000405,cust_000147,merch_0034,70.63,INR,UPI,ICICI_PG,NA,2026-07-24 04:48:59,0.9214,7,0,8.8,MOBILE_ANDROID,dev_751956,29.33,"Hyderabad, IN",SAAS,27.52,MATCH,NOT_CHECKED,SUCCESS,00_SUCCESS,GATEWAY_200_OK,SUCCESS,NONE,Transaction completed successfully.,False,,
tx_00000168,cust_000187,merch_0029,404.53,INR,DEBIT_CARD,HDFC_PG,AMEX,2026-06-12 08:34:58,0.3718,11,5,21.5,DESKTOP_WINDOWS,dev_746520,5.93,"Mumbai, IN",SAAS,13.85,MATCH,MATCH,SUCCESS,00_SUCCESS,GATEWAY_200_OK,SUCCESS,NONE,Transaction completed successfully.,False,,
tx_00000903,cust_000294,merch_0050,8173.36,INR,DEBIT_CARD,HDFC_PG,RUPAY,2026-06-07 00:15:03,0.8212,13,2,0.1,MOBILE_IOS,dev_867539,33.84,"Bengaluru, IN",FINANCIAL_SERVICES,22.37,MATCH,MATCH,SUCCESS,00_SUCCESS,GATEWAY_200_OK,SUCCESS,NONE,Transaction completed successfully.,False,,
tx_00000817,cust_000113,merch_0039,797.31,INR,UPI,HDFC_PG,NA,2026-07-03 08:12:05,0.7822,7,0,4.3,MOBILE_ANDROID,dev_626972,8.09,"Delhi, IN",SAAS,21.11,MATCH,NOT_CHECKED,SUCCESS,00_SUCCESS,GATEWAY_200_OK,SUCCESS,NONE,Transaction completed successfully.,False,,
tx_00000340,cust_000005,merch_0018,1029.6,INR,UPI,RAZORPAY,NA,2026-07-05 08:46:37,0.9779,13,0,42.8,MOBILE_ANDROID,dev_567448,37.37,"Hyderabad, IN",SAAS,12.73,MATCH,NOT_CHECKED,SUCCESS,00_SUCCESS,GATEWAY_200_OK,SUCCESS,NONE,Transaction completed successfully.,False,,
tx_00000216,cust_000002,merch_0034,1896.6,INR,DEBIT_CARD,CASHFREE,MASTERCARD,2026-07-09 14:59:52,0.9142,9,1,1.9,MOBILE_ANDROID,dev_910463,3.09,"Bengaluru, IN",SAAS,4.0,MATCH,MATCH,SUCCESS,00_SUCCESS,GATEWAY_200_OK,SUCCESS,NONE,Transaction completed successfully.,False,,
tx_00000769,cust_000034,merch_0020,3662.49,INR,UPI,RAZORPAY,NA,2026-07-08 17:52:33,0.9776,18,0,2.9,DESKTOP_WINDOWS,dev_781867,4.03,"New York, US",SAAS,48.17,MATCH,NOT_CHECKED,SUCCESS,00_SUCCESS,GATEWAY_200_OK,SUCCESS,NONE,Transaction completed successfully.,False,,
tx_00000954,cust_000001,merch_0026,285.13,INR,WALLET,RAZORPAY,NA,2026-07-23 12:54:55,0.8919,9,1,2.9,MOBILE_ANDROID,dev_122129,4.31,"Bengaluru, IN",UTILITIES,12.81,MATCH,NOT_CHECKED,SUCCESS,00_SUCCESS,GATEWAY_200_OK,SUCCESS,NONE,Transaction completed successfully.,False,,
tx_00000641,cust_000054,merch_0017,871.58,INR,DEBIT_CARD,RAZORPAY,MASTERCARD,2026-07-09 11:04:54,0.5035,11,4,1.2,MOBILE_ANDROID,dev_493166,27.88,"Delhi, IN",EDTECH,11.97,MATCH,MATCH,SUCCESS,00_SUCCESS,GATEWAY_200_OK,SUCCESS,NONE,Transaction completed successfully.,False,,
tx_00000571,cust_000164,merch_0047,1717.91,INR,UPI,RAZORPAY,NA,2026-06-04 14:56:23,0.7538,14,3,0.6,MOBILE_ANDROID,dev_269488,29.53,"Mumbai, IN",FINANCIAL_SERVICES,5.6,MATCH,NOT_CHECKED,SUCCESS,00_SUCCESS,GATEWAY_200_OK,SUCCESS,NONE,Transaction completed successfully.,False,,
tx_00000204,cust_000128,merch_0040,412.97,INR,UPI,RAZORPAY,NA,2026-07-02 10:11:07,0.6209,10,4,15.9,MOBILE_IOS,dev_339394,1.96,"Mumbai, IN",SAAS,28.36,MATCH,NOT_CHECKED,SUCCESS,00_SUCCESS,GATEWAY_200_OK,SUCCESS,NONE,Transaction completed successfully.,False,,
tx_00000453,cust_000190,merch_0006,33.2,INR,UPI,RAZORPAY,NA,2026-07-15 01:50:23,0.6125,12,1,9.1,MOBILE_ANDROID,dev_780583,18.59,"Bengaluru, IN",GAMING,5.06,MATCH,NOT_CHECKED,SUCCESS,91_TIMEOUT,GATEWAY_504_TIMEOUT,FAILED,TEMPORARY_GATEWAY_FAILURE,Transient gateway downtime or rate limit.,True,0.655,1.0
tx_00000036,cust_000167,merch_0007,141.37,INR,UPI,RAZORPAY,NA,2026-07-02 11:02:37,0.7547,10,6,21.5,MOBILE_ANDROID,dev_127328,4.31,"Delhi, IN",SAAS,6.57,MATCH,NOT_CHECKED,SUCCESS,00_SUCCESS,GATEWAY_200_OK,SUCCESS,NONE,Transaction completed successfully.,False,,
tx_00000925,cust_000011,merch_0034,1069.43,INR,DEBIT_CARD,RAZORPAY,MASTERCARD,2026-05-27 18:15:29,0.3153,13,9,15.2,MOBILE_ANDROID,dev_811658,10.94,"Bengaluru, IN",ECOMMERCE,5.39,MATCH,MATCH,SUCCESS,00_SUCCESS,GATEWAY_200_OK,SUCCESS,NONE,Transaction completed successfully.,False,,
tx_00000542,cust_000058,merch_0035,191.78,INR,UPI,RAZORPAY,NA,2026-07-20 18:32:36,0.587,14,6,0.9,MOBILE_ANDROID,dev_166250,9.34,"Mumbai, IN",SAAS,27.29,MATCH,NOT_CHECKED,SUCCESS,96_SYSTEM_ERROR,GATEWAY_500_INTERNAL_ERROR,FAILED,NETWORK_ERROR,"Network timeout between merchant, gateway, and bank.",True,0.5448,0.0
tx_00000424,cust_000044,merch_0024,218.68,INR,NET_BANKING,BILLDESK,NA,2026-05-30 06:00:43,0.8649,9,0,5.5,MOBILE_ANDROID,dev_543838,3.23,"Mumbai, IN",ECOMMERCE,6.93,MATCH,NOT_CHECKED,SUCCESS,51_INSUFFICIENT_FUNDS,GATEWAY_400_DECLINED,FAILED,INSUFFICIENT_FUNDS,Customer account balance insufficient at transaction time.,True,0.5455,0.0
tx_00000804,cust_000094,merch_0023,187.27,INR,CREDIT_CARD,CASHFREE,MASTERCARD,2026-08-09 14:47:59,0.8214,12,0,20.5,MOBILE_ANDROID,dev_174992,9.86,"Bengaluru, IN",ECOMMERCE,25.0,MATCH,MATCH,SUCCESS,00_SUCCESS,GATEWAY_200_OK,SUCCESS,NONE,Transaction completed successfully.,False,,
tx_00000628,cust_000205,merch_0017,1263.26,INR,UPI,RAZORPAY,NA,2026-08-16 22:49:57,0.9422,14,1,15.6,DESKTOP_MAC,dev_585693,22.49,"Mumbai, IN",SAAS,4.21,MATCH,NOT_CHECKED,SUCCESS,00_SUCCESS,GATEWAY_200_OK,SUCCESS,NONE,Transaction completed successfully.,False,,
tx_00000209,cust_000298,merch_0003,2408.2,EUR,DEBIT_CARD,BILLDESK,MASTERCARD,2026-06-01 15:53:03,0.6529,8,5,0.3,DESKTOP_MAC,dev_906147,22.72,"Mumbai, IN",ECOMMERCE,10.73,MATCH,MATCH,SUCCESS,00_SUCCESS,GATEWAY_200_OK,SUCCESS,NONE,Transaction completed successfully.,False,,
tx_00000691,cust_000160,merch_0039,199.41,INR,UPI,RAZORPAY,NA,2026-07-26 17:33:05,0.8239,15,3,26.8,MOBILE_IOS,dev_967205,16.57,"Mumbai, IN",SAAS,15.13,MATCH,NOT_CHECKED,SUCCESS,00_SUCCESS,GATEWAY_200_OK,SUCCESS,NONE,Transaction completed successfully.,False,,
tx_00000297,cust_000174,merch_0025,751.52,INR,NET_BANKING,HDFC_PG,NA,2026-08-08 04:34:08,0.6068,15,6,14.8,MOBILE_ANDROID,dev_152810,13.24,"Mumbai, IN",FINANCIAL_SERVICES,11.93,MATCH,NOT_CHECKED,SUCCESS,00_SUCCESS,GATEWAY_200_OK,SUCCESS,NONE,Transaction completed successfully.,False,,
tx_00000053,cust_000191,merch_0032,2834.42,INR,DEBIT_CARD,RAZORPAY,RUPAY,2026-06-25 06:04:11,0.8077,18,5,4.3,DESKTOP_WINDOWS,dev_951956,42.12,"Mumbai, IN",ECOMMERCE,16.63,PARTIAL_MATCH,MATCH,ATTEMPTED,05_DO_NOT_HONOR,GATEWAY_400_DECLINED,FAILED,BANK_DECLINED,Issuing bank declined transaction without specific reason.,False,0.1089,0.0
tx_00000187,cust_000255,merch_0019,3968.22,INR,UPI,RAZORPAY,NA,2026-07-17 09:22:19,0.8193,10,2,13.1,MOBILE_IOS,dev_940298,14.09,"Bengaluru, IN",ECOMMERCE,22.37,MATCH,NOT_CHECKED,SUCCESS,00_SUCCESS,GATEWAY_200_OK,SUCCESS,NONE,Transaction completed successfully.,False,,
tx_00000525,cust_000091,merch_0004,1371.36,INR,CREDIT_CARD,HDFC_PG,MASTERCARD,2026-06-23 06:20:52,0.9008,16,3,7.8,MOBILE_ANDROID,dev_682439,32.43,"Mumbai, IN",ECOMMERCE,8.86,MATCH,MATCH,SUCCESS,00_SUCCESS,GATEWAY_200_OK,SUCCESS,NONE,Transaction completed successfully.,False,,
tx_00000245,cust_000068,merch_0041,332.98,INR,NET_BANKING,RAZORPAY,NA,2026-08-22 12:11:22,0.7401,13,6,0.2,MOBILE_IOS,dev_923692,7.84,"New York, US",SAAS,19.84,MATCH,NOT_CHECKED,SUCCESS,00_SUCCESS,GATEWAY_200_OK,SUCCESS,NONE,Transaction completed successfully.,False,,
tx_00000284,cust_000099,merch_0003,1054.83,EUR,UPI,ICICI_PG,NA,2026-08-16 19:58:01,0.9074,12,1,8.9,MOBILE_IOS,dev_750369,13.62,"Delhi, IN",GAMING,48.4,NOT_SUPPORTED,NOT_CHECKED,BYPASSED,99_UNKNOWN,GATEWAY_500_UNKNOWN,FAILED,UNKNOWN_FAILURE,Unclassified or ambiguous error response.,True,0.3897,0.0
tx_00000632,cust_000095,merch_0009,5347.22,INR,UPI,HDFC_PG,NA,2026-06-06 10:22:24,0.9406,5,1,16.0,MOBILE_ANDROID,dev_407836,41.46,"Bengaluru, IN",FINANCIAL_SERVICES,10.14,MATCH,NOT_CHECKED,SUCCESS,00_SUCCESS,GATEWAY_200_OK,SUCCESS,NONE,Transaction completed successfully.,False,,
tx_00000381,cust_000086,merch_0047,561.19,INR,DEBIT_CARD,RAZORPAY,VISA,2026-07-31 07:52:04,0.5258,9,3,35.5,MOBILE_ANDROID,dev_336835,21.35,"Mumbai, IN",SAAS,17.5,MATCH,MATCH,SUCCESS,00_SUCCESS,GATEWAY_200_OK,SUCCESS,NONE,Transaction completed successfully.,False,,
tx_00000700,cust_000001,merch_0040,558.29,INR,DEBIT_CARD,ICICI_PG,RUPAY,2026-05-28 06:10:59,0.5495,15,8,18.9,MOBILE_ANDROID,dev_472195,36.87,"Hyderabad, IN",ECOMMERCE,12.12,MATCH,MATCH,SUCCESS,96_SYSTEM_ERROR,GATEWAY_500_INTERNAL_ERROR,FAILED,NETWORK_ERROR,"Network timeout between merchant, gateway, and bank.",True,0.4282,1.0
tx_00000881,cust_000039,merch_0001,785.72,INR,UPI,RAZORPAY,NA,2026-07-08 22:57:18,0.9762,13,0,57.8,MOBILE_IOS,dev_708671,30.85,"London, UK",SAAS,8.36,MATCH,NOT_CHECKED,SUCCESS,00_SUCCESS,GATEWAY_200_OK,SUCCESS,NONE,Transaction completed successfully.,False,,
tx_00000448,cust_000099,merch_0040,421.16,INR,CREDIT_CARD,RAZORPAY,MASTERCARD,2026-06-11 01:20:18,0.8414,8,2,8.7,MOBILE_ANDROID,dev_364848,3.24,"New York, US",EDTECH,7.42,MATCH,MATCH,SUCCESS,00_SUCCESS,GATEWAY_200_OK,SUCCESS,NONE,Transaction completed successfully.,False,,
tx_00000195,cust_000201,merch_0026,466.05,INR,UPI,ICICI_PG,NA,2026-07-25 12:11:52,0.9755,15,0,2.2,MOBILE_ANDROID,dev_742641,11.86,"Delhi, IN",GAMING,16.36,MATCH,NOT_CHECKED,ATTEMPTED,54_EXPIRED_CARD,GATEWAY_400_BAD_REQUEST,FAILED,EXPIRED_CARD,Card expiry date has passed.,False,0.1445,0.0
tx_00000485,cust_000039,merch_0002,336.99,INR,UPI,RAZORPAY,NA,2026-06-21 14:32:40,0.7883,8,0,30.8,MOBILE_ANDROID,dev_406042,9.38,"Delhi, IN",ECOMMERCE,8.22,MATCH,NOT_CHECKED,SUCCESS,00_SUCCESS,GATEWAY_200_OK,SUCCESS,NONE,Transaction completed successfully.,False,,
tx_00000237,cust_000112,merch_0006,1142.88,INR,UPI,RAZORPAY,NA,2026-08-12 18:30:00,0.9228,11,1,23.7,MOBILE_ANDROID,dev_338625,9.54,"Bengaluru, IN",FINANCIAL_SERVICES,30.24,MATCH,NOT_CHECKED,FAILED,65_AUTH_FAILED,GATEWAY_401_AUTH_FAILED,FAILED,AUTHENTICATION_FAILURE,3DS / OTP verification failed or timed out.,False,0.2044,1.0
tx_00000097,cust_000172,merch_0044,642.74,INR,UPI,HDFC_PG,NA,2026-07-09 13:33:06,0.542,14,5,29.0,MOBILE_ANDROID,dev_613755,1.89,"Mumbai, IN",SAAS,11.73,MATCH,NOT_CHECKED,SUCCESS,00_SUCCESS,GATEWAY_200_OK,SUCCESS,NONE,Transaction completed successfully.,False,,
tx_00000376,cust_000278,merch_0049,908.64,USD,CREDIT_CARD,RAZORPAY,MASTERCARD,2026-07-15 03:58:21,0.9132,12,2,12.1,MOBILE_ANDROID,dev_116683,25.76,"Hyderabad, IN",EDTECH,31.68,MATCH,MATCH,SUCCESS,51_INSUFFICIENT_FUNDS,GATEWAY_400_DECLINED,FAILED,INSUFFICIENT_FUNDS,Customer account balance insufficient at transaction time.,True,0.3711,0.0
tx_00000379,cust_000154,merch_0005,4314.86,INR,UPI,ICICI_PG,NA,2026-07-20 14:25:44,0.894,11,1,0.3,DESKTOP_WINDOWS,dev_118290,3.33,"Delhi, IN",EDTECH,17.51,MATCH,NOT_CHECKED,SUCCESS,00_SUCCESS,GATEWAY_200_OK,SUCCESS,NONE,Transaction completed successfully.,False,,
tx_00000336,cust_000264,merch_0014,317.36,INR,DEBIT_CARD,RAZORPAY,VISA,2026-06-24 07:06:01,0.6228,14,4,10.1,MOBILE_ANDROID,dev_795684,35.51,"New York, US",ECOMMERCE,5.88,MATCH,MATCH,SUCCESS,00_SUCCESS,GATEWAY_200_OK,SUCCESS,NONE,Transaction completed successfully.,False,,
tx_00000155,cust_000152,merch_0007,2676.91,INR,UPI,ICICI_PG,NA,2026-08-21 13:05:48,0.7955,16,3,26.8,MOBILE_IOS,dev_194138,4.5,"Bengaluru, IN",GAMING,8.13,MATCH,NOT_CHECKED,SUCCESS,51_INSUFFICIENT_FUNDS,GATEWAY_400_DECLINED,FAILED,INSUFFICIENT_FUNDS,Customer account balance insufficient at transaction time.,True,0.4239,0.0
tx_00000450,cust_000096,merch_0013,4387.81,INR,UPI,RAZORPAY,NA,2026-07-30 17:02:06,0.528,14,10,18.0,MOBILE_ANDROID,dev_159092,16.33,"Hyderabad, IN",GAMING,13.18,MATCH,NOT_CHECKED,SUCCESS,91_TIMEOUT,GATEWAY_504_TIMEOUT,FAILED,TEMPORARY_GATEWAY_FAILURE,Transient gateway downtime or rate limit.,True,0.4288,0.0
tx_00000407,cust_000257,merch_0041,228.5,INR,CREDIT_CARD,RAZORPAY,RUPAY,2026-06-26 12:22:20,0.8087,10,2,29.6,DESKTOP_WINDOWS,dev_848688,17.92,"Delhi, IN",ECOMMERCE,5.12,MATCH,MATCH,SUCCESS,00_SUCCESS,GATEWAY_200_OK,SUCCESS,NONE,Transaction completed successfully.,False,,
tx_00000868,cust_000104,merch_0047,180.42,INR,UPI,HDFC_PG,NA,2026-06-02 11:24:08,0.932,10,1,22.4,MOBILE_ANDROID,dev_132691,2.48,"Mumbai, IN",UTILITIES,4.08,MATCH,NOT_CHECKED,SUCCESS,91_TIMEOUT,GATEWAY_504_TIMEOUT,FAILED,TEMPORARY_GATEWAY_FAILURE,Transient gateway downtime or rate limit.,True,0.8047,1.0
tx_00000196,cust_000124,merch_0002,115.08,USD,UPI,HDFC_PG,NA,2026-07-01 22:41:59,0.8057,9,3,10.9,MOBILE_IOS,dev_117670,15.62,"Chennai, IN",SAAS,20.75,MATCH,NOT_CHECKED,SUCCESS,51_INSUFFICIENT_FUNDS,GATEWAY_400_DECLINED,FAILED,INSUFFICIENT_FUNDS,Customer account balance insufficient at transaction time.,True,0.3857,1.0
tx_00000138,cust_000044,merch_0017,253.82,INR,CREDIT_CARD,CASHFREE,MASTERCARD,2026-06-18 12:09:52,0.7023,9,3,0.3,MOBILE_ANDROID,dev_324511,10.23,"Mumbai, IN",SAAS,5.16,MATCH,MATCH,SUCCESS,00_SUCCESS,GATEWAY_200_OK,SUCCESS,NONE,Transaction completed successfully.,False,,
tx_00000620,cust_000202,merch_0003,1372.2,EUR,CREDIT_CARD,HDFC_PG,VISA,2026-06-09 09:11:27,0.6898,16,10,7.9,DESKTOP_MAC,dev_485664,6.63,"Bengaluru, IN",UTILITIES,4.56,MATCH,MATCH,SUCCESS,91_TIMEOUT,GATEWAY_504_TIMEOUT,FAILED,TEMPORARY_GATEWAY_FAILURE,Transient gateway downtime or rate limit.,True,0.4569,0.0
tx_00000438,cust_000196,merch_0013,925.09,INR,WALLET,ICICI_PG,NA,2026-06-24 19:41:08,0.8384,11,1,0.7,MOBILE_IOS,dev_602911,8.24,"Chennai, IN",ECOMMERCE,36.13,MATCH,NOT_CHECKED,SUCCESS,91_TIMEOUT,GATEWAY_504_TIMEOUT,FAILED,TEMPORARY_GATEWAY_FAILURE,Transient gateway downtime or rate limit.,True,0.678,0.0
tx_00000676,cust_000235,merch_0050,386.13,EUR,UPI,RAZORPAY,NA,2026-06-27 01:59:09,0.9763,10,0,11.2,MOBILE_ANDROID,dev_509318,16.91,"New York, US",UTILITIES,11.59,MATCH,NOT_CHECKED,SUCCESS,00_SUCCESS,GATEWAY_200_OK,SUCCESS,NONE,Transaction completed successfully.,False,,
tx_00000392,cust_000100,merch_0017,1479.18,USD,DEBIT_CARD,ICICI_PG,VISA,2026-07-13 18:44:12,0.6987,12,3,6.4,MOBILE_IOS,dev_204791,15.05,"Mumbai, IN",SAAS,46.56,MATCH,MATCH,SUCCESS,91_TIMEOUT,GATEWAY_504_TIMEOUT,FAILED,TEMPORARY_GATEWAY_FAILURE,Transient gateway downtime or rate limit.,True,0.6174,1.0
tx_00000807,cust_000203,merch_0014,45.85,INR,CREDIT_CARD,RAZORPAY,VISA,2026-06-01 15:00:02,0.8115,9,0,11.0,MOBILE_ANDROID,dev_309826,14.57,"Bengaluru, IN",SAAS,17.88,MATCH,MATCH,SUCCESS,00_SUCCESS,GATEWAY_200_OK,SUCCESS,NONE,Transaction completed successfully.,False,,
tx_00000050,cust_000054,merch_0008,564.45,INR,DEBIT_CARD,RAZORPAY,MASTERCARD,2026-08-22 07:14:16,0.6952,12,4,1.6,MOBILE_ANDROID,dev_282642,26.52,"Mumbai, IN",ECOMMERCE,12.81,MATCH,MATCH,SUCCESS,00_SUCCESS,GATEWAY_200_OK,SUCCESS,NONE,Transaction completed successfully.,False,,
tx_00000200,cust_000252,merch_0017,1275.95,INR,UPI,RAZORPAY,NA,2026-05-30 04:03:05,0.7095,15,3,2.8,MOBILE_IOS,dev_790421,7.27,"Bengaluru, IN",UTILITIES,17.3,MATCH,NOT_CHECKED,SUCCESS,00_SUCCESS,GATEWAY_200_OK,SUCCESS,NONE,Transaction completed successfully.,False,,
tx_00000224,cust_000147,merch_0049,672.03,INR,UPI,HDFC_PG,NA,2026-06-15 17:06:55,0.8484,16,2,18.1,DESKTOP_MAC,dev_876202,17.75,"Mumbai, IN",GAMING,4.08,MATCH,NOT_CHECKED,SUCCESS,00_SUCCESS,GATEWAY_200_OK,SUCCESS,NONE,Transaction completed successfully.,False,,
tx_00000548,cust_000080,merch_0006,1643.33,INR,WALLET,ICICI_PG,NA,2026-07-01 13:22:29,0.7474,12,3,5.6,DESKTOP_WINDOWS,dev_342591,11.54,"Mumbai, IN",UTILITIES,3.62,MATCH,NOT_CHECKED,SUCCESS,00_SUCCESS,GATEWAY_200_OK,SUCCESS,NONE,Transaction completed successfully.,False,,
tx_00000326,cust_000063,merch_0030,906.0,EUR,DEBIT_CARD,HDFC_PG,MASTERCARD,2026-07-14 08:11:46,0.7623,17,6,7.3,MOBILE_ANDROID,dev_487174,10.91,"Bengaluru, IN",FINANCIAL_SERVICES,13.34,MATCH,MATCH,FAILED,65_AUTH_FAILED,GATEWAY_401_AUTH_FAILED,FAILED,AUTHENTICATION_FAILURE,3DS / OTP verification failed or timed out.,False,0.1021,0.0
tx_00000801,cust_000004,merch_0036,152.84,INR,UPI,HDFC_PG,NA,2026-07-12 14:36:47,0.8145,10,4,7.9,MOBILE_ANDROID,dev_666922,44.88,"Bengaluru, IN",ECOMMERCE,24.12,MATCH,NOT_CHECKED,SUCCESS,00_SUCCESS,GATEWAY_200_OK,SUCCESS,NONE,Transaction completed successfully.,False,,
tx_00000837,cust_000101,merch_0031,1477.82,INR,DEBIT_CARD,RAZORPAY,VISA,2026-07-17 04:47:57,0.7938,9,1,25.6,DESKTOP_MAC,dev_627343,49.16,"Mumbai, IN",ECOMMERCE,6.99,MATCH,MATCH,SUCCESS,00_SUCCESS,GATEWAY_200_OK,SUCCESS,NONE,Transaction completed successfully.,False,,
tx_00000298,cust_000280,merch_0013,992.36,INR,UPI,HDFC_PG,NA,2026-06-12 13:44:41,0.5927,17,7,3.7,DESKTOP_WINDOWS,dev_316987,27.26,"Bengaluru, IN",FINANCIAL_SERVICES,4.05,MATCH,NOT_CHECKED,SUCCESS,00_SUCCESS,GATEWAY_200_OK,SUCCESS,NONE,Transaction completed successfully.,False,,
tx_00000957,cust_000137,merch_0050,3939.3,INR,DEBIT_CARD,RAZORPAY,VISA,2026-07-06 12:34:15,0.9524,13,2,8.5,DESKTOP_MAC,dev_872668,35.63,"Bengaluru, IN",ECOMMERCE,7.82,MATCH,MATCH,SUCCESS,00_SUCCESS,GATEWAY_200_OK,SUCCESS,NONE,Transaction completed successfully.,False,,
tx_00000688,cust_000195,merch_0039,491.03,INR,DEBIT_CARD,CASHFREE,VISA,2026-07-02 20:08:13,0.6411,16,2,6.4,MOBILE_ANDROID,dev_172944,33.74,"Mumbai, IN",ECOMMERCE,7.92,PARTIAL_MATCH,MATCH,SUCCESS,00_SUCCESS,GATEWAY_200_OK,SUCCESS,NONE,Transaction completed successfully.,False,,
tx_00000420,cust_000268,merch_0025,536.58,INR,UPI,RAZORPAY,NA,2026-05-27 02:45:58,0.9752,15,0,1.0,MOBILE_ANDROID,dev_139767,4.59,"Mumbai, IN",SAAS,17.39,MATCH,NOT_CHECKED,SUCCESS,00_SUCCESS,GATEWAY_200_OK,SUCCESS,NONE,Transaction completed successfully.,False,,
tx_00000760,cust_000025,merch_0015,155.33,INR,CREDIT_CARD,BILLDESK,MASTERCARD,2026-08-24 00:29:59,0.7023,11,2,6.5,MOBILE_ANDROID,dev_384767,3.11,"Chennai, IN",SAAS,1.09,PARTIAL_MATCH,MATCH,SUCCESS,00_SUCCESS,GATEWAY_200_OK,SUCCESS,NONE,Transaction completed successfully.,False,,
tx_00000145,cust_000121,merch_0022,420.63,USD,CREDIT_CARD,RAZORPAY,VISA,2026-07-11 17:26:10,0.4705,6,4,1.2,MOBILE_ANDROID,dev_462486,8.71,"Bengaluru, IN",ECOMMERCE,27.38,MATCH,MATCH,SUCCESS,00_SUCCESS,GATEWAY_200_OK,SUCCESS,NONE,Transaction completed successfully.,False,,
tx_00000382,cust_000185,merch_0023,241.9,INR,NET_BANKING,RAZORPAY,NA,2026-06-08 00:06:14,0.7126,16,2,1.6,MOBILE_ANDROID,dev_485230,42.55,"Mumbai, IN",ECOMMERCE,15.46,MATCH,NOT_CHECKED,SUCCESS,00_SUCCESS,GATEWAY_200_OK,SUCCESS,NONE,Transaction completed successfully.,False,,
tx_00000926,cust_000254,merch_0001,787.91,EUR,CREDIT_CARD,HDFC_PG,AMEX,2026-06-01 02:25:42,0.9371,16,0,8.9,MOBILE_ANDROID,dev_476720,21.55,"Hyderabad, IN",SAAS,22.25,MATCH,MATCH,SUCCESS,91_TIMEOUT,GATEWAY_504_TIMEOUT,FAILED,TEMPORARY_GATEWAY_FAILURE,Transient gateway downtime or rate limit.,True,0.7972,1.0
tx_00000761,cust_000068,merch_0033,8881.16,INR,CREDIT_CARD,RAZORPAY,VISA,2026-07-04 15:59:26,0.706,17,7,8.7,MOBILE_ANDROID,dev_385950,3.02,"London, UK",SAAS,15.3,MATCH,MATCH,SUCCESS,00_SUCCESS,GATEWAY_200_OK,SUCCESS,NONE,Transaction completed successfully.,False,,
tx_00000466,cust_000187,merch_0042,1168.52,USD,CREDIT_CARD,CASHFREE,VISA,2026-08-10 11:34:35,0.9001,17,2,16.5,MOBILE_IOS,dev_252973,17.38,"Bengaluru, IN",GAMING,30.16,PARTIAL_MATCH,MATCH,ATTEMPTED,05_DO_NOT_HONOR,GATEWAY_400_DECLINED,FAILED,BANK_DECLINED,Issuing bank declined transaction without specific reason.,False,0.1854,0.0
tx_00000725,cust_000180,merch_0022,1561.54,INR,UPI,HDFC_PG,NA,2026-06-10 20:58:02,0.8348,7,3,5.1,MOBILE_IOS,dev_766593,9.95,"Bengaluru, IN",SAAS,9.72,MATCH,NOT_CHECKED,SUCCESS,51_INSUFFICIENT_FUNDS,GATEWAY_400_DECLINED,FAILED,INSUFFICIENT_FUNDS,Customer account balance insufficient at transaction time.,True,0.2349,0.0
tx_00000439,cust_000114,merch_0017,125.33,INR,DEBIT_CARD,ICICI_PG,VISA,2026-08-04 13:34:26,0.8616,13,3,14.4,MOBILE_IOS,dev_452160,32.48,"Mumbai, IN",GAMING,6.27,MATCH,MATCH,SUCCESS,00_SUCCESS,GATEWAY_200_OK,SUCCESS,NONE,Transaction completed successfully.,False,,
tx_00000586,cust_000046,merch_0020,67.6,USD,DEBIT_CARD,HDFC_PG,VISA,2026-06-15 22:35:32,0.8746,14,2,18.0,MOBILE_ANDROID,dev_440897,33.71,"Mumbai, IN",SAAS,15.83,MATCH,MATCH,SUCCESS,51_INSUFFICIENT_FUNDS,GATEWAY_400_DECLINED,FAILED,INSUFFICIENT_FUNDS,Customer account balance insufficient at transaction time.,True,0.3292,1.0
tx_00000015,cust_000258,merch_0049,3313.08,INR,UPI,CASHFREE,NA,2026-08-19 05:33:39,0.6731,16,2,9.5,MOBILE_ANDROID,dev_926080,41.54,"Delhi, IN",SAAS,7.44,MATCH,NOT_CHECKED,SUCCESS,51_INSUFFICIENT_FUNDS,GATEWAY_400_DECLINED,FAILED,INSUFFICIENT_FUNDS,Customer account balance insufficient at transaction time.,True,0.1943,0.0
tx_00000201,cust_000147,merch_0001,727.66,INR,CREDIT_CARD,CASHFREE,VISA,2026-06-21 02:10:07,0.8577,17,3,9.1,MOBILE_ANDROID,dev_675052,21.53,"Mumbai, IN",SAAS,3.64,MATCH,MATCH,SUCCESS,00_SUCCESS,GATEWAY_200_OK,SUCCESS,NONE,Transaction completed successfully.,False,,
tx_00000302,cust_000127,merch_0045,1570.67,INR,WALLET,RAZORPAY,NA,2026-08-07 18:36:09,0.7081,14,5,7.8,MOBILE_IOS,dev_695230,16.11,"Hyderabad, IN",UTILITIES,25.88,MATCH,NOT_CHECKED,SUCCESS,91_TIMEOUT,GATEWAY_504_TIMEOUT,FAILED,TEMPORARY_GATEWAY_FAILURE,Transient gateway downtime or rate limit.,True,0.5332,1.0
tx_00000545,cust_000160,merch_0029,811.26,INR,UPI,RAZORPAY,NA,2026-08-17 07:14:16,0.8801,13,1,6.7,MOBILE_IOS,dev_690633,45.5,"Bengaluru, IN",ECOMMERCE,24.23,MATCH,NOT_CHECKED,SUCCESS,96_SYSTEM_ERROR,GATEWAY_500_INTERNAL_ERROR,FAILED,NETWORK_ERROR,"Network timeout between merchant, gateway, and bank.",True,0.6204,1.0
tx_00000093,cust_000062,merch_0038,1157.14,INR,CREDIT_CARD,RAZORPAY,VISA,2026-06-09 05:50:20,0.7719,12,3,8.8,DESKTOP_WINDOWS,dev_417531,33.46,"Hyderabad, IN",GAMING,37.28,MATCH,MATCH,SUCCESS,00_SUCCESS,GATEWAY_200_OK,SUCCESS,NONE,Transaction completed successfully.,False,,
tx_00000779,cust_000226,merch_0041,278.74,INR,CREDIT_CARD,CASHFREE,VISA,2026-07-01 19:36:53,0.7025,12,4,27.4,MOBILE_ANDROID,dev_615182,42.38,"London, UK",FINANCIAL_SERVICES,38.68,MATCH,MATCH,SUCCESS,91_TIMEOUT,GATEWAY_504_TIMEOUT,FAILED,TEMPORARY_GATEWAY_FAILURE,Transient gateway downtime or rate limit.,True,0.4215,1.0
tx_00000062,cust_000190,merch_0021,940.89,INR,UPI,RAZORPAY,NA,2026-07-18 08:16:00,0.6843,9,3,21.4,MOBILE_ANDROID,dev_464385,10.99,"Bengaluru, IN",ECOMMERCE,20.13,PARTIAL_MATCH,NOT_CHECKED,ATTEMPTED,05_DO_NOT_HONOR,GATEWAY_400_DECLINED,FAILED,BANK_DECLINED,Issuing bank declined transaction without specific reason.,False,0.2275,0.0
tx_00000516,cust_000145,merch_0030,765.94,INR,DEBIT_CARD,RAZORPAY,RUPAY,2026-08-18 09:33:35,0.8165,13,2,0.4,DESKTOP_MAC,dev_853205,18.34,"Hyderabad, IN",ECOMMERCE,13.6,MATCH,MATCH,SUCCESS,00_SUCCESS,GATEWAY_200_OK,SUCCESS,NONE,Transaction completed successfully.,False,,
tx_00000649,cust_000066,merch_0031,692.61,INR,CREDIT_CARD,ICICI_PG,AMEX,2026-06-08 16:09:33,0.8784,15,2,1.6,MOBILE_IOS,dev_103321,10.58,"Hyderabad, IN",EDTECH,24.33,MATCH,MATCH,SUCCESS,00_SUCCESS,GATEWAY_200_OK,SUCCESS,NONE,Transaction completed successfully.,False,,
tx_00000325,cust_000186,merch_0010,67.63,INR,CREDIT_CARD,RAZORPAY,VISA,2026-06-02 09:40:23,0.7378,13,1,16.9,MOBILE_ANDROID,dev_522727,19.82,"Mumbai, IN",GAMING,8.81,MATCH,MATCH,SUCCESS,00_SUCCESS,GATEWAY_200_OK,SUCCESS,NONE,Transaction completed successfully.,False,,
tx_00000428,cust_000253,merch_0005,2902.59,INR,DEBIT_CARD,RAZORPAY,VISA,2026-05-26 20:36:44,0.8871,14,2,3.9,MOBILE_IOS,dev_166918,8.69,"Bengaluru, IN",SAAS,3.24,MATCH,MATCH,SUCCESS,00_SUCCESS,GATEWAY_200_OK,SUCCESS,NONE,Transaction completed successfully.,False,,
tx_00000583,cust_000212,merch_0047,631.29,INR,UPI,HDFC_PG,NA,2026-08-13 03:02:25,0.8241,15,2,1.4,MOBILE_ANDROID,dev_423054,51.11,"Mumbai, IN",SAAS,23.68,MATCH,NOT_CHECKED,SUCCESS,00_SUCCESS,GATEWAY_200_OK,SUCCESS,NONE,Transaction completed successfully.,False,,
tx_00000105,cust_000218,merch_0046,360.63,INR,UPI,HDFC_PG,NA,2026-06-27 12:02:45,0.9332,12,0,2.7,MOBILE_ANDROID,dev_662498,7.65,"Bengaluru, IN",SAAS,22.45,MATCH,NOT_CHECKED,SUCCESS,00_SUCCESS,GATEWAY_200_OK,SUCCESS,NONE,Transaction completed successfully.,False,,
tx_00000272,cust_000017,merch_0035,1848.06,INR,UPI,ICICI_PG,NA,2026-05-26 21:29:41,0.709,10,5,44.2,DESKTOP_MAC,dev_753811,14.48,"Bengaluru, IN",UTILITIES,23.83,MATCH,NOT_CHECKED,SUCCESS,00_SUCCESS,GATEWAY_200_OK,SUCCESS,NONE,Transaction completed successfully.,False,,
tx_00000855,cust_000291,merch_0001,961.06,USD,UPI,HDFC_PG,NA,2026-07-04 01:56:55,0.9226,13,1,0.2,MOBILE_ANDROID,dev_647651,17.34,"Mumbai, IN",UTILITIES,49.07,MATCH,NOT_CHECKED,SUCCESS,00_SUCCESS,GATEWAY_200_OK,SUCCESS,NONE,Transaction completed successfully.,False,,
tx_00000370,cust_000089,merch_0046,986.62,INR,UPI,CASHFREE,NA,2026-06-26 10:43:27,0.8931,13,1,32.7,MOBILE_IOS,dev_348553,0.43,"Delhi, IN",FINANCIAL_SERVICES,13.82,NO_MATCH,NOT_CHECKED,FAILED,14_INVALID_ACCOUNT,GATEWAY_400_BAD_REQUEST,FAILED,INVALID_PAYMENT_DETAILS,"Incorrect card number, CVV, or UPI ID.",False,0.1603,0.0
tx_00000742,cust_000274,merch_0045,652.24,INR,CREDIT_CARD,HDFC_PG,RUPAY,2026-06-30 15:35:53,0.8281,11,1,16.2,DESKTOP_WINDOWS,dev_346501,13.17,"London, UK",SAAS,20.48,MATCH,MATCH,SUCCESS,00_SUCCESS,GATEWAY_200_OK,SUCCESS,NONE,Transaction completed successfully.,False,,
tx_00000425,cust_000285,merch_0015,994.14,INR,UPI,BILLDESK,NA,2026-08-15 16:57:08,0.6482,12,3,39.0,MOBILE_ANDROID,dev_851283,10.07,"Bengaluru, IN",ECOMMERCE,13.56,MATCH,NOT_CHECKED,SUCCESS,00_SUCCESS,GATEWAY_200_OK,SUCCESS,NONE,Transaction completed successfully.,False,,
tx_00000684,cust_000008,merch_0033,3058.96,USD,UPI,HDFC_PG,NA,2026-08-15 23:03:00,0.9394,7,0,13.3,DESKTOP_WINDOWS,dev_317295,4.6,"Bengaluru, IN",ECOMMERCE,20.75,MATCH,NOT_CHECKED,SUCCESS,00_SUCCESS,GATEWAY_200_OK,SUCCESS,NONE,Transaction completed successfully.,False,,
tx_00000236,cust_000227,merch_0016,10.0,INR,UPI,BILLDESK,NA,2026-07-27 17:21:12,0.8957,8,1,7.2,MOBILE_IOS,dev_381080,10.06,"Hyderabad, IN",ECOMMERCE,43.68,PARTIAL_MATCH,NOT_CHECKED,ATTEMPTED,05_DO_NOT_HONOR,GATEWAY_400_DECLINED,FAILED,BANK_DECLINED,Issuing bank declined transaction without specific reason.,False,0.248,0.0
tx_00000811,cust_000133,merch_0005,417.92,INR,UPI,RAZORPAY,NA,2026-07-16 06:08:08,0.674,11,3,20.4,MOBILE_IOS,dev_260802,17.21,"Chennai, IN",GAMING,28.71,MATCH,NOT_CHECKED,SUCCESS,00_SUCCESS,GATEWAY_200_OK,SUCCESS,NONE,Transaction completed successfully.,False,,
tx_00000437,cust_000105,merch_0005,2159.95,INR,DEBIT_CARD,HDFC_PG,VISA,2026-06-23 16:36:27,0.9122,12,1,2.2,MOBILE_IOS,dev_974415,28.8,"Chennai, IN",SAAS,9.13,MATCH,MATCH,SUCCESS,00_SUCCESS,GATEWAY_200_OK,SUCCESS,NONE,Transaction completed successfully.,False,,
tx_00000316,cust_000020,merch_0039,644.34,INR,WALLET,BILLDESK,NA,2026-06-03 01:33:47,0.9667,14,0,6.2,MOBILE_ANDROID,dev_437748,21.27,"Mumbai, IN",SAAS,12.9,MATCH,NOT_CHECKED,SUCCESS,91_TIMEOUT,GATEWAY_504_TIMEOUT,FAILED,TEMPORARY_GATEWAY_FAILURE,Transient gateway downtime or rate limit.,True,0.8091,1.0
tx_00000687,cust_000195,merch_0022,247.66,INR,CREDIT_CARD,HDFC_PG,VISA,2026-08-05 05:06:42,0.6102,19,7,16.9,MOBILE_IOS,dev_608906,21.59,"Hyderabad, IN",FINANCIAL_SERVICES,18.81,MATCH,MATCH,SUCCESS,91_TIMEOUT,GATEWAY_504_TIMEOUT,FAILED,TEMPORARY_GATEWAY_FAILURE,Transient gateway downtime or rate limit.,True,0.4738,1.0
tx_00000767,cust_000228,merch_0031,180.71,INR,CREDIT_CARD,BILLDESK,VISA,2026-06-08 17:08:46,0.8288,11,3,19.2,MOBILE_IOS,dev_706619,28.78,"Delhi, IN",ECOMMERCE,9.03,MATCH,MATCH,SUCCESS,00_SUCCESS,GATEWAY_200_OK,SUCCESS,NONE,Transaction completed successfully.,False,,
tx_00000713,cust_000214,merch_0008,392.49,INR,UPI,RAZORPAY,NA,2026-06-29 02:08:49,0.8038,14,3,15.1,DESKTOP_MAC,dev_983445,33.72,"Bengaluru, IN",EDTECH,18.62,MATCH,NOT_CHECKED,SUCCESS,00_SUCCESS,GATEWAY_200_OK,SUCCESS,NONE,Transaction completed successfully.,False,,
tx_00000923,cust_000069,merch_0022,970.04,INR,UPI,ICICI_PG,NA,2026-07-12 16:35:06,0.7086,15,4,2.9,DESKTOP_WINDOWS,dev_305827,13.72,"Bengaluru, IN",GAMING,4.04,MATCH,NOT_CHECKED,SUCCESS,00_SUCCESS,GATEWAY_200_OK,SUCCESS,NONE,Transaction completed successfully.,False,,
tx_00000975,cust_000025,merch_0038,121.47,INR,UPI,ICICI_PG,NA,2026-08-09 00:03:37,0.881,13,2,10.9,DESKTOP_WINDOWS,dev_721163,22.2,"Mumbai, IN",ECOMMERCE,17.08,MATCH,NOT_CHECKED,SUCCESS,00_SUCCESS,GATEWAY_200_OK,SUCCESS,NONE,Transaction completed successfully.,False,,
tx_00000812,cust_000118,merch_0038,178.23,INR,WALLET,BILLDESK,NA,2026-06-28 19:07:31,0.7204,17,4,9.8,MOBILE_ANDROID,dev_495881,51.39,"Mumbai, IN",ECOMMERCE,4.39,PARTIAL_MATCH,NOT_CHECKED,ATTEMPTED,05_DO_NOT_HONOR,GATEWAY_400_DECLINED,FAILED,BANK_DECLINED,Issuing bank declined transaction without specific reason.,False,0.1037,0.0
tx_00000519,cust_000292,merch_0022,9415.41,INR,CREDIT_CARD,ICICI_PG,VISA,2026-07-29 10:41:04,0.8656,9,0,23.2,MOBILE_IOS,dev_652960,7.44,"Bengaluru, IN",ECOMMERCE,34.54,NOT_SUPPORTED,NOT_CHECKED,BYPASSED,99_UNKNOWN,GATEWAY_500_UNKNOWN,FAILED,UNKNOWN_FAILURE,Unclassified or ambiguous error response.,True,0.4449,1.0
tx_00000930,cust_000023,merch_0030,1116.12,INR,UPI,RAZORPAY,NA,2026-06-26 07:55:12,0.9179,5,0,13.4,MOBILE_ANDROID,dev_700867,36.56,"Mumbai, IN",ECOMMERCE,11.57,MATCH,NOT_CHECKED,SUCCESS,00_SUCCESS,GATEWAY_200_OK,SUCCESS,NONE,Transaction completed successfully.,False,,
tx_00000246,cust_000289,merch_0045,274.36,USD,DEBIT_CARD,HDFC_PG,VISA,2026-06-27 20:03:57,0.6575,10,3,6.1,MOBILE_IOS,dev_398470,14.43,"Hyderabad, IN",ECOMMERCE,9.01,MATCH,MATCH,SUCCESS,00_SUCCESS,GATEWAY_200_OK,SUCCESS,NONE,Transaction completed successfully.,False,,
tx_00000477,cust_000144,merch_0010,808.9,INR,CREDIT_CARD,RAZORPAY,MASTERCARD,2026-06-12 12:49:19,0.9181,11,1,2.8,DESKTOP_WINDOWS,dev_143915,29.21,"Bengaluru, IN",UTILITIES,6.42,MATCH,MATCH,SUCCESS,00_SUCCESS,GATEWAY_200_OK,SUCCESS,NONE,Transaction completed successfully.,False,,
tx_00000660,cust_000030,merch_0022,177.46,INR,UPI,ICICI_PG,NA,2026-08-21 21:22:01,0.7716,14,3,3.6,DESKTOP_MAC,dev_354599,16.84,"Hyderabad, IN",ECOMMERCE,22.71,MATCH,NOT_CHECKED,SUCCESS,00_SUCCESS,GATEWAY_200_OK,SUCCESS,NONE,Transaction completed successfully.,False,,
tx_00000301,cust_000151,merch_0016,422.03,INR,CREDIT_CARD,RAZORPAY,MASTERCARD,2026-06-01 00:40:15,0.5959,11,6,8.9,MOBILE_ANDROID,dev_161800,4.95,"Chennai, IN",ECOMMERCE,17.16,MATCH,MATCH,SUCCESS,00_SUCCESS,GATEWAY_200_OK,SUCCESS,NONE,Transaction completed successfully.,False,,
tx_00000513,cust_000029,merch_0034,1546.39,USD,UPI,ICICI_PG,NA,2026-07-10 02:27:01,0.6855,17,6,15.7,DESKTOP_WINDOWS,dev_674172,21.42,"Delhi, IN",FINANCIAL_SERVICES,30.16,MATCH,NOT_CHECKED,SUCCESS,00_SUCCESS,GATEWAY_200_OK,SUCCESS,NONE,Transaction completed successfully.,False,,
tx_00000294,cust_000223,merch_0004,37.11,INR,DEBIT_CARD,CASHFREE,VISA,2026-08-16 06:23:48,0.7924,17,4,3.4,MOBILE_ANDROID,dev_903737,14.51,"Hyderabad, IN",ECOMMERCE,12.23,MATCH,MATCH,SUCCESS,00_SUCCESS,GATEWAY_200_OK,SUCCESS,NONE,Transaction completed successfully.,False,,
tx_00000443,cust_000249,merch_0032,1565.26,INR,UPI,HDFC_PG,NA,2026-06-12 16:36:29,0.7421,15,4,3.1,MOBILE_ANDROID,dev_224559,14.77,"Chennai, IN",UTILITIES,5.72,NOT_SUPPORTED,NOT_CHECKED,BYPASSED,99_UNKNOWN,GATEWAY_500_UNKNOWN,FAILED,UNKNOWN_FAILURE,Unclassified or ambiguous error response.,True,0.2669,0.0
tx_00000582,cust_000201,merch_0021,799.84,INR,CREDIT_CARD,ICICI_PG,VISA,2026-05-31 04:53:49,0.7865,10,3,4.0,MOBILE_ANDROID,dev_781548,4.29,"Delhi, IN",GAMING,22.77,MATCH,MATCH,SUCCESS,91_TIMEOUT,GATEWAY_504_TIMEOUT,FAILED,TEMPORARY_GATEWAY_FAILURE,Transient gateway downtime or rate limit.,True,0.7061,0.0
tx_00000981,cust_000063,merch_0041,369.19,INR,UPI,CASHFREE,NA,2026-08-17 15:37:26,0.9397,11,1,33.2,MOBILE_IOS,dev_857835,18.24,"Hyderabad, IN",EDTECH,16.21,MATCH,NOT_CHECKED,SUCCESS,00_SUCCESS,GATEWAY_200_OK,SUCCESS,NONE,Transaction completed successfully.,False,,
tx_00000788,cust_000095,merch_0039,173.73,INR,UPI,RAZORPAY,NA,2026-06-17 13:28:31,0.4441,12,7,3.8,MOBILE_ANDROID,dev_442318,30.78,"Mumbai, IN",ECOMMERCE,13.14,MATCH,NOT_CHECKED,SUCCESS,00_SUCCESS,GATEWAY_200_OK,SUCCESS,NONE,Transaction completed successfully.,False,,
tx_00000019,cust_000161,merch_0004,552.66,INR,DEBIT_CARD,CASHFREE,VISA,2026-06-17 00:45:35,0.4891,7,4,1.6,MOBILE_ANDROID,dev_785025,19.17,"Mumbai, IN",EDTECH,14.15,PARTIAL_MATCH,MATCH,ATTEMPTED,05_DO_NOT_HONOR,GATEWAY_400_DECLINED,FAILED,BANK_DECLINED,Issuing bank declined transaction without specific reason.,False,0.0651,0.0
tx_00000387,cust_000094,merch_0049,6207.47,INR,UPI,RAZORPAY,NA,2026-08-18 23:04:01,0.9105,10,2,29.9,DESKTOP_WINDOWS,dev_849230,14.5,"Bengaluru, IN",EDTECH,30.82,MATCH,NOT_CHECKED,SUCCESS,91_TIMEOUT,GATEWAY_504_TIMEOUT,FAILED,TEMPORARY_GATEWAY_FAILURE,Transient gateway downtime or rate limit.,True,0.5884,1.0
tx_00000308,cust_000176,merch_0034,1245.15,INR,CREDIT_CARD,RAZORPAY,RUPAY,2026-07-17 07:05:43,0.805,5,2,27.6,DESKTOP_MAC,dev_415063,18.82,"Bengaluru, IN",GAMING,15.14,MATCH,MATCH,SUCCESS,91_TIMEOUT,GATEWAY_504_TIMEOUT,FAILED,TEMPORARY_GATEWAY_FAILURE,Transient gateway downtime or rate limit.,True,0.802,1.0
tx_00000163,cust_000295,merch_0002,543.06,INR,UPI,CASHFREE,NA,2026-07-26 22:43:43,0.5455,11,6,12.8,MOBILE_ANDROID,dev_720630,10.1,"Mumbai, IN",SAAS,1.94,PARTIAL_MATCH,NOT_CHECKED,SUCCESS,00_SUCCESS,GATEWAY_200_OK,SUCCESS,NONE,Transaction completed successfully.,False,,
tx_00000612,cust_000099,merch_0027,289.94,INR,CREDIT_CARD,RAZORPAY,MASTERCARD,2026-06-23 16:50:06,0.7403,14,5,0.8,MOBILE_IOS,dev_868021,9.17,"Bengaluru, IN",EDTECH,10.21,MATCH,MATCH,SUCCESS,00_SUCCESS,GATEWAY_200_OK,SUCCESS,NONE,Transaction completed successfully.,False,,
tx_00000685,cust_000184,merch_0013,117.92,INR,UPI,CASHFREE,NA,2026-07-25 12:42:12,0.7897,11,4,0.7,MOBILE_ANDROID,dev_802991,10.87,"Chennai, IN",SAAS,3.88,MATCH,NOT_CHECKED,SUCCESS,00_SUCCESS,GATEWAY_200_OK,SUCCESS,NONE,Transaction completed successfully.,False,,
tx_00000764,cust_000109,merch_0049,1303.47,INR,UPI,HDFC_PG,NA,2026-06-27 11:00:08,0.8603,9,2,0.9,MOBILE_ANDROID,dev_260229,36.09,"Mumbai, IN",ECOMMERCE,13.35,MATCH,NOT_CHECKED,SUCCESS,00_SUCCESS,GATEWAY_200_OK,SUCCESS,NONE,Transaction completed successfully.,False,,
tx_00000771,cust_000264,merch_0004,381.58,INR,UPI,RAZORPAY,NA,2026-08-23 10:50:49,0.9579,17,0,28.6,MOBILE_ANDROID,dev_722838,35.47,"Bengaluru, IN",ECOMMERCE,13.73,MATCH,NOT_CHECKED,SUCCESS,00_SUCCESS,GATEWAY_200_OK,SUCCESS,NONE,Transaction completed successfully.,False,,
tx_00000538,cust_000190,merch_0047,879.91,EUR,CREDIT_CARD,RAZORPAY,RUPAY,2026-08-08 15:38:49,0.729,12,3,24.9,MOBILE_ANDROID,dev_657331,6.88,"Bengaluru, IN",ECOMMERCE,29.03,MATCH,MATCH,SUCCESS,96_SYSTEM_ERROR,GATEWAY_500_INTERNAL_ERROR,FAILED,NETWORK_ERROR,"Network timeout between merchant, gateway, and bank.",True,0.6229,1.0
tx_00000956,cust_000149,merch_0002,734.73,INR,CREDIT_CARD,BILLDESK,RUPAY,2026-07-18 16:08:06,0.772,14,5,20.8,MOBILE_ANDROID,dev_179449,18.69,"Bengaluru, IN",ECOMMERCE,36.25,MATCH,MATCH,SUCCESS,00_SUCCESS,GATEWAY_200_OK,SUCCESS,NONE,Transaction completed successfully.,False,,
tx_00000515,cust_000136,merch_0015,905.37,INR,CREDIT_CARD,RAZORPAY,VISA,2026-07-10 05:02:47,0.8283,11,4,2.1,MOBILE_ANDROID,dev_425396,9.67,"Delhi, IN",FINANCIAL_SERVICES,27.47,MATCH,MATCH,SUCCESS,00_SUCCESS,GATEWAY_200_OK,SUCCESS,NONE,Transaction completed successfully.,False,,
tx_00000462,cust_000273,merch_0013,591.45,INR,CREDIT_CARD,CASHFREE,VISA,2026-07-22 01:38:21,0.8234,11,1,18.2,MOBILE_ANDROID,dev_596327,15.91,"Delhi, IN",ECOMMERCE,8.42,MATCH,MATCH,SUCCESS,00_SUCCESS,GATEWAY_200_OK,SUCCESS,NONE,Transaction completed successfully.,False,,
tx_00000087,cust_000028,merch_0003,419.95,INR,WALLET,RAZORPAY,NA,2026-08-22 02:52:28,0.8677,17,5,1.6,MOBILE_IOS,dev_190037,1.18,"Mumbai, IN",SAAS,32.74,MATCH,NOT_CHECKED,SUCCESS,00_SUCCESS,GATEWAY_200_OK,SUCCESS,NONE,Transaction completed successfully.,False,,
tx_00000295,cust_000054,merch_0029,128.81,INR,DEBIT_CARD,CASHFREE,VISA,2026-07-09 06:01:41,0.7645,15,1,2.7,MOBILE_ANDROID,dev_177474,6.97,"Mumbai, IN",SAAS,31.45,MATCH,MATCH,SUCCESS,00_SUCCESS,GATEWAY_200_OK,SUCCESS,NONE,Transaction completed successfully.,False,,
tx_00000521,cust_000252,merch_0020,133.21,INR,CREDIT_CARD,RAZORPAY,MASTERCARD,2026-07-17 02:33:41,0.9655,12,0,17.3,DESKTOP_WINDOWS,dev_335437,16.0,"Bengaluru, IN",ECOMMERCE,7.3,MATCH,MATCH,SUCCESS,00_SUCCESS,GATEWAY_200_OK,SUCCESS,NONE,Transaction completed successfully.,False,,
tx_00000736,cust_000187,merch_0013,588.77,INR,DEBIT_CARD,ICICI_PG,MASTERCARD,2026-08-13 09:19:07,0.8552,10,1,1.3,MOBILE_IOS,dev_684791,14.52,"Bengaluru, IN",ECOMMERCE,36.34,MATCH,MATCH,SUCCESS,91_TIMEOUT,GATEWAY_504_TIMEOUT,FAILED,TEMPORARY_GATEWAY_FAILURE,Transient gateway downtime or rate limit.,True,0.7712,1.0
tx_00000744,cust_000227,merch_0029,1485.19,USD,UPI,CASHFREE,NA,2026-08-16 13:54:25,0.8936,17,2,2.3,MOBILE_ANDROID,dev_656494,8.23,"Delhi, IN",SAAS,24.12,MATCH,NOT_CHECKED,SUCCESS,00_SUCCESS,GATEWAY_200_OK,SUCCESS,NONE,Transaction completed successfully.,False,,
tx_00000848,cust_000001,merch_0041,224.27,INR,DEBIT_CARD,CASHFREE,VISA,2026-08-11 10:10:55,0.8898,7,1,0.8,MOBILE_ANDROID,dev_897855,13.0,"Mumbai, IN",EDTECH,14.27,MATCH,MATCH,SUCCESS,00_SUCCESS,GATEWAY_200_OK,SUCCESS,NONE,Transaction completed successfully.,False,,
tx_00000078,cust_000136,merch_0018,2889.15,INR,UPI,ICICI_PG,NA,2026-07-24 16:15:12,0.6418,18,6,0.6,MOBILE_IOS,dev_426264,18.41,"Mumbai, IN",ECOMMERCE,10.58,MATCH,NOT_CHECKED,FAILED,65_AUTH_FAILED,GATEWAY_401_AUTH_FAILED,FAILED,AUTHENTICATION_FAILURE,3DS / OTP verification failed or timed out.,False,0.194,0.0
tx_00000048,cust_000050,merch_0028,155.97,INR,UPI,RAZORPAY,NA,2026-06-21 14:01:32,0.9116,10,1,9.7,DESKTOP_WINDOWS,dev_889135,11.15,"Delhi, IN",EDTECH,22.62,MATCH,NOT_CHECKED,SUCCESS,96_SYSTEM_ERROR,GATEWAY_500_INTERNAL_ERROR,FAILED,NETWORK_ERROR,"Network timeout between merchant, gateway, and bank.",True,0.7015,0.0
tx_00000199,cust_000148,merch_0040,453.33,INR,UPI,RAZORPAY,NA,2026-08-16 10:23:43,0.7357,7,0,12.8,MOBILE_ANDROID,dev_572639,3.17,"Bengaluru, IN",SAAS,9.37,PARTIAL_MATCH,NOT_CHECKED,SUCCESS,00_SUCCESS,GATEWAY_200_OK,SUCCESS,NONE,Transaction completed successfully.,False,,
tx_00000008,cust_000122,merch_0018,1668.8,INR,DEBIT_CARD,CASHFREE,VISA,2026-08-07 06:48:55,0.8565,7,0,10.2,DESKTOP_WINDOWS,dev_877671,21.87,"Bengaluru, IN",ECOMMERCE,6.16,MATCH,MATCH,SUCCESS,00_SUCCESS,GATEWAY_200_OK,SUCCESS,NONE,Transaction completed successfully.,False,,
tx_00000107,cust_000283,merch_0032,5104.86,INR,UPI,RAZORPAY,NA,2026-06-10 22:22:28,0.9251,10,1,24.2,MOBILE_ANDROID,dev_781291,18.42,"Bengaluru, IN",GAMING,20.9,MATCH,NOT_CHECKED,SUCCESS,00_SUCCESS,GATEWAY_200_OK,SUCCESS,NONE,Transaction completed successfully.,False,,
tx_00000353,cust_000275,merch_0037,6131.93,INR,NET_BANKING,HDFC_PG,NA,2026-07-09 06:33:06,0.9579,11,0,10.7,MOBILE_ANDROID,dev_172053,57.55,"Mumbai, IN",SAAS,13.36,MATCH,NOT_CHECKED,FAILED,65_AUTH_FAILED,GATEWAY_401_AUTH_FAILED,FAILED,AUTHENTICATION_FAILURE,3DS / OTP verification failed or timed out.,False,0.2316,0.0
tx_00000626,cust_000051,merch_0014,179.07,INR,DEBIT_CARD,RAZORPAY,RUPAY,2026-07-03 13:33:53,0.5661,13,7,5.3,MOBILE_IOS,dev_893634,19.42,"Delhi, IN",EDTECH,28.65,MATCH,MATCH,SUCCESS,00_SUCCESS,GATEWAY_200_OK,SUCCESS,NONE,Transaction completed successfully.,False,,
tx_00000114,cust_000241,merch_0002,273.88,INR,UPI,RAZORPAY,NA,2026-08-08 10:09:41,0.7592,17,7,1.1,MOBILE_IOS,dev_166038,16.0,"Mumbai, IN",SAAS,26.1,MATCH,NOT_CHECKED,SUCCESS,51_INSUFFICIENT_FUNDS,GATEWAY_400_DECLINED,FAILED,INSUFFICIENT_FUNDS,Customer account balance insufficient at transaction time.,True,0.2825,1.0
tx_00000100,cust_000227,merch_0044,220.8,INR,CREDIT_CARD,RAZORPAY,RUPAY,2026-08-18 02:49:15,0.8383,11,2,8.7,MOBILE_IOS,dev_563566,4.92,"Delhi, IN",GAMING,23.54,MATCH,MATCH,SUCCESS,00_SUCCESS,GATEWAY_200_OK,SUCCESS,NONE,Transaction completed successfully.,False,,
tx_00000373,cust_000189,merch_0034,260.55,INR,NET_BANKING,RAZORPAY,NA,2026-07-06 17:12:28,0.79,12,5,37.5,MOBILE_ANDROID,dev_175440,24.34,"Delhi, IN",ECOMMERCE,6.1,MATCH,NOT_CHECKED,SUCCESS,91_TIMEOUT,GATEWAY_504_TIMEOUT,FAILED,TEMPORARY_GATEWAY_FAILURE,Transient gateway downtime or rate limit.,True,0.6622,0.0
tx_00000655,cust_000294,merch_0033,4796.5,INR,UPI,CASHFREE,NA,2026-06-26 08:27:10,0.5155,10,9,19.7,MOBILE_IOS,dev_843588,1.89,"Hyderabad, IN",SAAS,12.96,MATCH,NOT_CHECKED,SUCCESS,00_SUCCESS,GATEWAY_200_OK,SUCCESS,NONE,Transaction completed successfully.,False,,
tx_00000841,cust_000094,merch_0014,1485.56,INR,CREDIT_CARD,RAZORPAY,MASTERCARD,2026-06-10 12:07:39,0.4761,11,5,40.9,MOBILE_ANDROID,dev_946964,8.06,"Delhi, IN",ECOMMERCE,18.9,MATCH,MATCH,SUCCESS,00_SUCCESS,GATEWAY_200_OK,SUCCESS,NONE,Transaction completed successfully.,False,,
tx_00000795,cust_000229,merch_0021,1038.66,INR,UPI,HDFC_PG,NA,2026-05-31 15:57:46,0.826,12,1,2.6,MOBILE_ANDROID,dev_961477,10.33,"Mumbai, IN",SAAS,33.06,MATCH,NOT_CHECKED,SUCCESS,00_SUCCESS,GATEWAY_200_OK,SUCCESS,NONE,Transaction completed successfully.,False,,
tx_00000549,cust_000213,merch_0047,2051.79,INR,UPI,ICICI_PG,NA,2026-07-17 19:28:50,0.7958,12,3,8.8,MOBILE_ANDROID,dev_185898,18.93,"Bengaluru, IN",GAMING,14.46,MATCH,NOT_CHECKED,SUCCESS,00_SUCCESS,GATEWAY_200_OK,SUCCESS,NONE,Transaction completed successfully.,False,,
tx_00000452,cust_000151,merch_0033,350.68,INR,CREDIT_CARD,CASHFREE,RUPAY,2026-07-07 05:49:28,0.8246,9,1,18.8,MOBILE_ANDROID,dev_688393,9.23,"Mumbai, IN",SAAS,5.72,MATCH,MATCH,SUCCESS,00_SUCCESS,GATEWAY_200_OK,SUCCESS,NONE,Transaction completed successfully.,False,,
tx_00000882,cust_000198,merch_0035,103.87,INR,CREDIT_CARD,RAZORPAY,RUPAY,2026-07-22 04:48:08,0.8075,8,0,28.2,MOBILE_ANDROID,dev_529355,27.56,"Mumbai, IN",ECOMMERCE,14.32,MATCH,MATCH,SUCCESS,00_SUCCESS,GATEWAY_200_OK,SUCCESS,NONE,Transaction completed successfully.,False,,
tx_00000369,cust_000048,merch_0045,141.28,INR,UPI,RAZORPAY,NA,2026-06-04 17:34:29,0.827,11,1,6.7,MOBILE_ANDROID,dev_628797,4.86,"Bengaluru, IN",FINANCIAL_SERVICES,6.59,MATCH,NOT_CHECKED,SUCCESS,51_INSUFFICIENT_FUNDS,GATEWAY_400_DECLINED,FAILED,INSUFFICIENT_FUNDS,Customer account balance insufficient at transaction time.,True,0.3533,1.0
tx_00000386,cust_000047,merch_0020,475.49,INR,UPI,RAZORPAY,NA,2026-07-24 11:52:02,0.7499,13,6,4.4,MOBILE_ANDROID,dev_974454,26.82,"Mumbai, IN",EDTECH,19.08,NO_MATCH,NOT_CHECKED,FAILED,59_SUSPECTED_FRAUD,GATEWAY_403_RISK_BLOCK,FAILED,FRAUD_RISK_BLOCK,Transaction flagged by risk engine or fraud rules.,False,0.0175,0.0
tx_00000303,cust_000155,merch_0042,858.67,INR,CREDIT_CARD,HDFC_PG,RUPAY,2026-05-28 11:32:03,0.6791,10,2,3.7,DESKTOP_MAC,dev_907093,17.22,"Chennai, IN",ECOMMERCE,7.05,MATCH,MATCH,SUCCESS,00_SUCCESS,GATEWAY_200_OK,SUCCESS,NONE,Transaction completed successfully.,False,,
tx_00000279,cust_000233,merch_0024,566.67,INR,CREDIT_CARD,RAZORPAY,MASTERCARD,2026-07-30 03:00:58,0.9172,11,1,2.5,MOBILE_ANDROID,dev_349699,8.97,"Bengaluru, IN",GAMING,35.5,MATCH,MATCH,SUCCESS,00_SUCCESS,GATEWAY_200_OK,SUCCESS,NONE,Transaction completed successfully.,False,,
tx_00000934,cust_000210,merch_0026,996.57,INR,UPI,ICICI_PG,NA,2026-07-18 01:54:07,0.8512,12,1,11.8,MOBILE_ANDROID,dev_190177,5.48,"Mumbai, IN",SAAS,11.87,MATCH,NOT_CHECKED,SUCCESS,00_SUCCESS,GATEWAY_200_OK,SUCCESS,NONE,Transaction completed successfully.,False,,
tx_00000397,cust_000250,merch_0038,1472.39,INR,CREDIT_CARD,CASHFREE,MASTERCARD,2026-06-25 03:11:09,0.8021,8,2,26.9,MOBILE_IOS,dev_915381,0.68,"New York, US",ECOMMERCE,11.6,MATCH,MATCH,SUCCESS,00_SUCCESS,GATEWAY_200_OK,SUCCESS,NONE,Transaction completed successfully.,False,,
tx_00000765,cust_000146,merch_0030,96.91,USD,UPI,RAZORPAY,NA,2026-06-08 20:47:36,0.7285,8,3,44.2,MOBILE_ANDROID,dev_629809,18.35,"Bengaluru, IN",FINANCIAL_SERVICES,2.33,MATCH,NOT_CHECKED,SUCCESS,96_SYSTEM_ERROR,GATEWAY_500_INTERNAL_ERROR,FAILED,NETWORK_ERROR,"Network timeout between merchant, gateway, and bank.",True,0.668,1.0
tx_00000088,cust_000135,merch_0023,1274.21,INR,CREDIT_CARD,HDFC_PG,AMEX,2026-07-25 07:11:47,0.6952,15,5,0.5,DESKTOP_MAC,dev_218641,9.5,"Delhi, IN",ECOMMERCE,4.83,MATCH,MATCH,SUCCESS,00_SUCCESS,GATEWAY_200_OK,SUCCESS,NONE,Transaction completed successfully.,False,,
tx_00000484,cust_000057,merch_0036,226.62,INR,CREDIT_CARD,ICICI_PG,VISA,2026-08-11 13:38:05,0.8247,12,1,10.4,DESKTOP_WINDOWS,dev_172168,22.26,"Bengaluru, IN",GAMING,15.99,MATCH,MATCH,SUCCESS,00_SUCCESS,GATEWAY_200_OK,SUCCESS,NONE,Transaction completed successfully.,False,,
tx_00000850,cust_000060,merch_0005,437.4,INR,CREDIT_CARD,RAZORPAY,VISA,2026-05-28 15:41:15,0.7318,13,2,45.6,MOBILE_ANDROID,dev_658770,18.25,"Mumbai, IN",ECOMMERCE,11.24,MATCH,MATCH,SUCCESS,00_SUCCESS,GATEWAY_200_OK,SUCCESS,NONE,Transaction completed successfully.,False,,
tx_00000152,cust_000225,merch_0034,1214.57,INR,UPI,CASHFREE,NA,2026-05-29 08:57:48,0.8046,13,2,12.5,DESKTOP_WINDOWS,dev_121500,3.23,"Delhi, IN",ECOMMERCE,6.28,MATCH,NOT_CHECKED,FAILED,65_AUTH_FAILED,GATEWAY_401_AUTH_FAILED,FAILED,AUTHENTICATION_FAILURE,3DS / OTP verification failed or timed out.,False,0.3373,0.0
tx_00000653,cust_000252,merch_0045,1546.85,INR,CREDIT_CARD,RAZORPAY,VISA,2026-06-19 13:53:52,0.8174,15,2,1.7,MOBILE_ANDROID,dev_898602,8.37,"Chennai, IN",EDTECH,26.41,MATCH,MATCH,SUCCESS,00_SUCCESS,GATEWAY_200_OK,SUCCESS,NONE,Transaction completed successfully.,False,,
tx_00000867,cust_000295,merch_0028,1523.49,USD,CREDIT_CARD,RAZORPAY,RUPAY,2026-08-06 09:27:59,0.753,15,7,0.1,MOBILE_ANDROID,dev_186934,19.53,"Bengaluru, IN",ECOMMERCE,7.87,MATCH,MATCH,SUCCESS,00_SUCCESS,GATEWAY_200_OK,SUCCESS,NONE,Transaction completed successfully.,False,,
tx_00000077,cust_000129,merch_0029,292.28,INR,UPI,HDFC_PG,NA,2026-06-22 20:34:19,0.9463,8,0,8.2,MOBILE_IOS,dev_782754,12.77,"Bengaluru, IN",ECOMMERCE,8.71,MATCH,NOT_CHECKED,SUCCESS,91_TIMEOUT,GATEWAY_504_TIMEOUT,FAILED,TEMPORARY_GATEWAY_FAILURE,Transient gateway downtime or rate limit.,True,0.7803,1.0
tx_00000432,cust_000090,merch_0006,145.22,INR,CREDIT_CARD,RAZORPAY,VISA,2026-08-22 15:55:57,0.9106,14,2,10.8,DESKTOP_MAC,dev_270954,21.68,"Mumbai, IN",GAMING,4.23,MATCH,MATCH,SUCCESS,00_SUCCESS,GATEWAY_200_OK,SUCCESS,NONE,Transaction completed successfully.,False,,
tx_00000766,cust_000111,merch_0021,218.66,INR,UPI,ICICI_PG,NA,2026-06-30 16:08:16,0.4238,7,4,2.2,MOBILE_ANDROID,dev_899323,12.84,"Bengaluru, IN",SAAS,12.74,MATCH,NOT_CHECKED,SUCCESS,00_SUCCESS,GATEWAY_200_OK,SUCCESS,NONE,Transaction completed successfully.,False,,
tx_00000372,cust_000272,merch_0043,1490.73,INR,UPI,HDFC_PG,NA,2026-07-11 19:47:37,0.9552,8,0,9.0,MOBILE_ANDROID,dev_884642,32.34,"Chennai, IN",GAMING,4.35,MATCH,NOT_CHECKED,SUCCESS,00_SUCCESS,GATEWAY_200_OK,SUCCESS,NONE,Transaction completed successfully.,False,,
tx_00000890,cust_000289,merch_0042,368.99,INR,CREDIT_CARD,HDFC_PG,MASTERCARD,2026-07-25 17:29:13,0.9069,13,1,12.7,DESKTOP_WINDOWS,dev_615405,18.96,"Mumbai, IN",ECOMMERCE,4.75,MATCH,MATCH,SUCCESS,00_SUCCESS,GATEWAY_200_OK,SUCCESS,NONE,Transaction completed successfully.,False,,
tx_00000012,cust_000152,merch_0050,2612.26,INR,DEBIT_CARD,CASHFREE,VISA,2026-06-25 17:35:59,0.8573,18,3,8.5,MOBILE_ANDROID,dev_661023,7.45,"Bengaluru, IN",SAAS,4.44,MATCH,MATCH,SUCCESS,00_SUCCESS,GATEWAY_200_OK,SUCCESS,NONE,Transaction completed successfully.,False,,
tx_00000383,cust_000285,merch_0049,6009.17,INR,DEBIT_CARD,RAZORPAY,RUPAY,2026-08-18 05:05:53,0.8739,12,1,3.3,MOBILE_IOS,dev_171656,22.52,"Bengaluru, IN",ECOMMERCE,13.18,MATCH,MATCH,FAILED,65_AUTH_FAILED,GATEWAY_401_AUTH_FAILED,FAILED,AUTHENTICATION_FAILURE,3DS / OTP verification failed or timed out.,False,0.3286,0.0
tx_00000568,cust_000156,merch_0011,872.63,INR,UPI,RAZORPAY,NA,2026-08-22 17:38:28,0.8756,12,3,1.1,MOBILE_ANDROID,dev_799614,32.79,"Mumbai, IN",ECOMMERCE,4.93,MATCH,NOT_CHECKED,SUCCESS,00_SUCCESS,GATEWAY_200_OK,SUCCESS,NONE,Transaction completed successfully.,False,,
tx_00000856,cust_000213,merch_0020,343.48,INR,CREDIT_CARD,RAZORPAY,VISA,2026-05-30 17:15:03,0.7936,11,3,18.7,MOBILE_ANDROID,dev_903517,11.67,"Mumbai, IN",SAAS,8.68,MATCH,MATCH,SUCCESS,00_SUCCESS,GATEWAY_200_OK,SUCCESS,NONE,Transaction completed successfully.,False,,
tx_00000814,cust_000212,merch_0041,203.15,INR,UPI,HDFC_PG,NA,2026-07-28 09:29:47,0.8565,8,1,19.5,MOBILE_IOS,dev_559167,5.12,"Delhi, IN",FINANCIAL_SERVICES,33.98,MATCH,NOT_CHECKED,SUCCESS,00_SUCCESS,GATEWAY_200_OK,SUCCESS,NONE,Transaction completed successfully.,False,,
tx_00000046,cust_000206,merch_0003,2123.3,INR,DEBIT_CARD,RAZORPAY,VISA,2026-06-28 21:06:21,0.383,7,6,1.0,MOBILE_ANDROID,dev_402027,14.05,"Bengaluru, IN",EDTECH,36.52,MATCH,MATCH,SUCCESS,51_INSUFFICIENT_FUNDS,GATEWAY_400_DECLINED,FAILED,INSUFFICIENT_FUNDS,Customer account balance insufficient at transaction time.,True,0.232,1.0
tx_00000499,cust_000076,merch_0040,437.11,INR,CREDIT_CARD,RAZORPAY,MASTERCARD,2026-06-26 06:06:25,0.7242,18,5,13.8,MOBILE_IOS,dev_424237,15.4,"Bengaluru, IN",GAMING,1.74,PARTIAL_MATCH,MATCH,SUCCESS,00_SUCCESS,GATEWAY_200_OK,SUCCESS,NONE,Transaction completed successfully.,False,,
tx_00000003,cust_000107,merch_0029,287.97,INR,DEBIT_CARD,CASHFREE,MASTERCARD,2026-07-26 23:57:42,0.962,10,0,31.6,MOBILE_IOS,dev_277589,14.72,"Bengaluru, IN",EDTECH,43.06,PARTIAL_MATCH,MATCH,SUCCESS,00_SUCCESS,GATEWAY_200_OK,SUCCESS,NONE,Transaction completed successfully.,False,,
tx_00000893,cust_000038,merch_0024,396.05,USD,UPI,HDFC_PG,NA,2026-08-12 01:25:07,0.9218,13,0,7.0,MOBILE_ANDROID,dev_497341,0.71,"Bengaluru, IN",ECOMMERCE,13.23,MATCH,NOT_CHECKED,SUCCESS,00_SUCCESS,GATEWAY_200_OK,SUCCESS,NONE,Transaction completed successfully.,False,,
tx_00000888,cust_000111,merch_0014,501.12,INR,UPI,CASHFREE,NA,2026-07-25 01:59:05,0.6973,6,3,11.9,DESKTOP_WINDOWS,dev_983372,3.92,"Delhi, IN",ECOMMERCE,5.77,MATCH,NOT_CHECKED,FAILED,65_AUTH_FAILED,GATEWAY_401_AUTH_FAILED,FAILED,AUTHENTICATION_FAILURE,3DS / OTP verification failed or timed out.,False,0.1789,1.0
tx_00000783,cust_000277,merch_0002,2327.65,INR,CREDIT_CARD,RAZORPAY,VISA,2026-07-05 14:39:47,0.809,12,3,22.3,MOBILE_ANDROID,dev_529318,27.97,"Mumbai, IN",ECOMMERCE,12.21,MATCH,MATCH,ATTEMPTED,54_EXPIRED_CARD,GATEWAY_400_BAD_REQUEST,FAILED,EXPIRED_CARD,Card expiry date has passed.,False,0.0928,0.0
tx_00000821,cust_000090,merch_0039,476.06,INR,CREDIT_CARD,RAZORPAY,RUPAY,2026-08-19 19:04:58,0.7555,5,0,36.6,MOBILE_ANDROID,dev_933211,6.6,"Mumbai, IN",ECOMMERCE,17.49,MATCH,MATCH,SUCCESS,51_INSUFFICIENT_FUNDS,GATEWAY_400_DECLINED,FAILED,INSUFFICIENT_FUNDS,Customer account balance insufficient at transaction time.,True,0.4747,0.0
tx_00000395,cust_000222,merch_0032,84.63,INR,UPI,CASHFREE,NA,2026-06-16 20:21:14,0.7745,16,3,0.7,MOBILE_ANDROID,dev_369024,42.94,"Mumbai, IN",ECOMMERCE,2.02,MATCH,NOT_CHECKED,SUCCESS,00_SUCCESS,GATEWAY_200_OK,SUCCESS,NONE,Transaction completed successfully.,False,,
tx_00000384,cust_000220,merch_0009,1363.86,INR,UPI,CASHFREE,NA,2026-06-24 12:21:35,0.7869,5,1,6.5,DESKTOP_WINDOWS,dev_665541,33.81,"Mumbai, IN",ECOMMERCE,17.4,MATCH,NOT_CHECKED,SUCCESS,00_SUCCESS,GATEWAY_200_OK,SUCCESS,NONE,Transaction completed successfully.,False,,
tx_00000329,cust_000150,merch_0020,277.04,INR,UPI,CASHFREE,NA,2026-07-17 07:19:10,0.7373,17,4,2.5,DESKTOP_MAC,dev_896434,31.8,"Bengaluru, IN",FINANCIAL_SERVICES,25.14,MATCH,NOT_CHECKED,SUCCESS,00_SUCCESS,GATEWAY_200_OK,SUCCESS,NONE,Transaction completed successfully.,False,,
tx_00000929,cust_000200,merch_0010,688.92,INR,UPI,RAZORPAY,NA,2026-07-13 09:26:44,0.8935,9,0,22.9,MOBILE_IOS,dev_669221,9.14,"Hyderabad, IN",SAAS,5.44,MATCH,NOT_CHECKED,SUCCESS,91_TIMEOUT,GATEWAY_504_TIMEOUT,FAILED,TEMPORARY_GATEWAY_FAILURE,Transient gateway downtime or rate limit.,True,0.7643,1.0
tx_00000951,cust_000101,merch_0048,141.3,INR,UPI,CASHFREE,NA,2026-07-09 11:13:48,0.6239,15,4,19.4,MOBILE_ANDROID,dev_304447,6.6,"Mumbai, IN",SAAS,32.11,MATCH,NOT_CHECKED,SUCCESS,00_SUCCESS,GATEWAY_200_OK,SUCCESS,NONE,Transaction completed successfully.,False,,
tx_00000822,cust_000142,merch_0006,913.36,USD,CREDIT_CARD,BILLDESK,MASTERCARD,2026-08-01 16:31:57,0.925,8,0,0.9,MOBILE_ANDROID,dev_430239,2.39,"Mumbai, IN",EDTECH,22.0,NOT_SUPPORTED,NOT_CHECKED,BYPASSED,99_UNKNOWN,GATEWAY_500_UNKNOWN,FAILED,UNKNOWN_FAILURE,Unclassified or ambiguous error response.,True,0.5609,1.0
tx_00000679,cust_000111,merch_0033,1158.31,INR,DEBIT_CARD,RAZORPAY,VISA,2026-08-12 10:36:51,0.8497,14,1,2.8,MOBILE_ANDROID,dev_746952,15.02,"Delhi, IN",ECOMMERCE,29.71,MATCH,MATCH,SUCCESS,00_SUCCESS,GATEWAY_200_OK,SUCCESS,NONE,Transaction completed successfully.,False,,
tx_00000143,cust_000225,merch_0023,242.88,INR,UPI,HDFC_PG,NA,2026-07-13 21:05:35,0.8249,18,3,11.8,MOBILE_ANDROID,dev_432003,1.62,"Delhi, IN",GAMING,33.38,MATCH,NOT_CHECKED,SUCCESS,96_SYSTEM_ERROR,GATEWAY_500_INTERNAL_ERROR,FAILED,NETWORK_ERROR,"Network timeout between merchant, gateway, and bank.",True,0.5247,0.0
tx_00000645,cust_000112,merch_0030,265.36,INR,UPI,HDFC_PG,NA,2026-07-02 22:04:28,0.4724,13,8,6.6,MOBILE_ANDROID,dev_986825,48.83,"Mumbai, IN",UTILITIES,12.64,MATCH,NOT_CHECKED,SUCCESS,00_SUCCESS,GATEWAY_200_OK,SUCCESS,NONE,Transaction completed successfully.,False,,
tx_00000193,cust_000144,merch_0034,2088.24,INR,UPI,ICICI_PG,NA,2026-07-11 06:19:45,0.91,13,2,37.4,DESKTOP_WINDOWS,dev_572999,42.48,"Delhi, IN",FINANCIAL_SERVICES,14.16,MATCH,NOT_CHECKED,SUCCESS,00_SUCCESS,GATEWAY_200_OK,SUCCESS,NONE,Transaction completed successfully.,False,,
tx_00000287,cust_000191,merch_0040,313.27,INR,UPI,CASHFREE,NA,2026-05-30 10:33:44,0.8735,16,3,3.7,MOBILE_IOS,dev_360281,11.28,"New York, US",ECOMMERCE,11.4,MATCH,NOT_CHECKED,SUCCESS,00_SUCCESS,GATEWAY_200_OK,SUCCESS,NONE,Transaction completed successfully.,False,,
tx_00000621,cust_000083,merch_0020,223.74,INR,CREDIT_CARD,HDFC_PG,VISA,2026-07-24 08:03:55,0.7528,14,4,2.5,DESKTOP_MAC,dev_924653,6.34,"Hyderabad, IN",UTILITIES,2.97,MATCH,MATCH,SUCCESS,00_SUCCESS,GATEWAY_200_OK,SUCCESS,NONE,Transaction completed successfully.,False,,
tx_00000261,cust_000027,merch_0007,1415.18,INR,UPI,CASHFREE,NA,2026-07-15 18:15:28,0.8538,8,2,18.0,MOBILE_ANDROID,dev_943252,5.99,"Chennai, IN",ECOMMERCE,37.32,MATCH,NOT_CHECKED,SUCCESS,00_SUCCESS,GATEWAY_200_OK,SUCCESS,NONE,Transaction completed successfully.,False,,
tx_00000770,cust_000111,merch_0037,678.71,INR,DEBIT_CARD,RAZORPAY,VISA,2026-07-14 22:50:27,0.7933,11,0,2.6,MOBILE_ANDROID,dev_110687,17.38,"Mumbai, IN",FINANCIAL_SERVICES,10.02,MATCH,MATCH,SUCCESS,00_SUCCESS,GATEWAY_200_OK,SUCCESS,NONE,Transaction completed successfully.,False,,
tx_00000283,cust_000095,merch_0034,512.23,USD,DEBIT_CARD,RAZORPAY,VISA,2026-06-22 01:23:31,0.5224,13,2,1.8,MOBILE_ANDROID,dev_797946,8.23,"Mumbai, IN",ECOMMERCE,12.71,MATCH,MATCH,SUCCESS,00_SUCCESS,GATEWAY_200_OK,SUCCESS,NONE,Transaction completed successfully.,False,,
tx_00000490,cust_000223,merch_0039,349.57,INR,WALLET,RAZORPAY,NA,2026-08-08 15:25:12,0.7415,10,2,17.6,MOBILE_IOS,dev_905849,11.81,"Bengaluru, IN",ECOMMERCE,10.11,MATCH,NOT_CHECKED,SUCCESS,91_TIMEOUT,GATEWAY_504_TIMEOUT,FAILED,TEMPORARY_GATEWAY_FAILURE,Transient gateway downtime or rate limit.,True,0.7205,0.0
tx_00000652,cust_000192,merch_0011,892.91,INR,NET_BANKING,RAZORPAY,NA,2026-08-22 18:51:58,0.6826,12,3,4.7,MOBILE_ANDROID,dev_596405,32.38,"Mumbai, IN",ECOMMERCE,16.48,PARTIAL_MATCH,NOT_CHECKED,ATTEMPTED,05_DO_NOT_HONOR,GATEWAY_400_DECLINED,FAILED,BANK_DECLINED,Issuing bank declined transaction without specific reason.,False,0.1339,0.0
tx_00000419,cust_000101,merch_0040,127.71,INR,UPI,HDFC_PG,NA,2026-06-03 12:12:21,0.872,9,0,10.6,MOBILE_ANDROID,dev_244922,12.45,"Mumbai, IN",GAMING,18.46,MATCH,NOT_CHECKED,SUCCESS,00_SUCCESS,GATEWAY_200_OK,SUCCESS,NONE,Transaction completed successfully.,False,,
tx_00000813,cust_000275,merch_0045,1004.9,INR,CREDIT_CARD,ICICI_PG,RUPAY,2026-07-24 20:21:21,0.8955,16,2,27.0,MOBILE_ANDROID,dev_268775,10.4,"Bengaluru, IN",GAMING,15.51,MATCH,MATCH,SUCCESS,91_TIMEOUT,GATEWAY_504_TIMEOUT,FAILED,TEMPORARY_GATEWAY_FAILURE,Transient gateway downtime or rate limit.,True,0.8452,1.0
tx_00000442,cust_000277,merch_0045,87.62,INR,CREDIT_CARD,RAZORPAY,VISA,2026-07-29 11:20:34,0.8843,12,0,10.8,MOBILE_ANDROID,dev_439809,0.8,"New York, US",ECOMMERCE,24.99,PARTIAL_MATCH,MATCH,SUCCESS,00_SUCCESS,GATEWAY_200_OK,SUCCESS,NONE,Transaction completed successfully.,False,,
tx_00000689,cust_000155,merch_0002,691.39,INR,DEBIT_CARD,RAZORPAY,VISA,2026-07-15 15:18:19,0.9296,17,1,15.6,MOBILE_ANDROID,dev_468590,46.18,"Delhi, IN",SAAS,6.87,MATCH,MATCH,SUCCESS,00_SUCCESS,GATEWAY_200_OK,SUCCESS,NONE,Transaction completed successfully.,False,,
tx_00000128,cust_000086,merch_0037,997.08,INR,UPI,CASHFREE,NA,2026-08-12 17:11:18,0.7692,13,4,9.4,MOBILE_ANDROID,dev_997774,24.62,"Mumbai, IN",FINANCIAL_SERVICES,28.17,PARTIAL_MATCH,NOT_CHECKED,ATTEMPTED,05_DO_NOT_HONOR,GATEWAY_400_DECLINED,FAILED,BANK_DECLINED,Issuing bank declined transaction without specific reason.,False,0.0886,0.0
tx_00000473,cust_000284,merch_0045,412.32,INR,UPI,RAZORPAY,NA,2026-07-05 04:54:13,0.8649,12,3,4.4,MOBILE_ANDROID,dev_467554,9.61,"Mumbai, IN",ECOMMERCE,16.18,MATCH,NOT_CHECKED,SUCCESS,00_SUCCESS,GATEWAY_200_OK,SUCCESS,NONE,Transaction completed successfully.,False,,
tx_00000830,cust_000261,merch_0001,1102.46,INR,DEBIT_CARD,HDFC_PG,AMEX,2026-07-11 20:24:59,0.7631,11,5,6.2,MOBILE_ANDROID,dev_405005,15.93,"Bengaluru, IN",EDTECH,24.55,MATCH,MATCH,SUCCESS,51_INSUFFICIENT_FUNDS,GATEWAY_400_DECLINED,FAILED,INSUFFICIENT_FUNDS,Customer account balance insufficient at transaction time.,True,0.2633,0.0
tx_00000169,cust_000113,merch_0021,1860.12,INR,UPI,HDFC_PG,NA,2026-08-12 13:34:31,0.8679,8,0,1.7,DESKTOP_MAC,dev_434629,10.09,"Delhi, IN",ECOMMERCE,37.03,MATCH,NOT_CHECKED,SUCCESS,51_INSUFFICIENT_FUNDS,GATEWAY_400_DECLINED,FAILED,INSUFFICIENT_FUNDS,Customer account balance insufficient at transaction time.,True,0.4383,1.0
tx_00000683,cust_000095,merch_0030,2080.39,INR,UPI,RAZORPAY,NA,2026-08-14 08:59:27,0.907,12,1,5.5,MOBILE_ANDROID,dev_113292,7.25,"Bengaluru, IN",ECOMMERCE,13.52,PARTIAL_MATCH,NOT_CHECKED,SUCCESS,00_SUCCESS,GATEWAY_200_OK,SUCCESS,NONE,Transaction completed successfully.,False,,
tx_00000103,cust_000257,merch_0010,133.9,INR,CREDIT_CARD,HDFC_PG,VISA,2026-06-09 18:29:24,0.8727,13,2,8.6,MOBILE_ANDROID,dev_993126,30.07,"Bengaluru, IN",SAAS,15.05,MATCH,MATCH,SUCCESS,00_SUCCESS,GATEWAY_200_OK,SUCCESS,NONE,Transaction completed successfully.,False,,
tx_00000605,cust_000282,merch_0008,45.19,INR,UPI,RAZORPAY,NA,2026-07-09 21:22:36,0.785,9,3,30.0,MOBILE_ANDROID,dev_374353,20.52,"Hyderabad, IN",ECOMMERCE,9.81,MATCH,NOT_CHECKED,SUCCESS,00_SUCCESS,GATEWAY_200_OK,SUCCESS,NONE,Transaction completed successfully.,False,,
